elsuhfv,5025738323,-6940678220491214697,ü•ûBuy on Pancakeswap: 0x4d547b8D2dbC0b511b496411Fd7433fFDfAfe2A8
dnm108,841471753,-8413881543596213938,H∆∞·ªõng V·∫•n Thi√™n
tienvu3,883636104,1232108711526045633,tienvu
nyx1340,959353915,-4639836130470953050,B·∫£o B·∫£o
quangtungpham1995,990911093,-309257146965729618,Quang T√πng
slawisme,1019703083,3868648214218796690,V≈© VƒÉn Thi√™n l N√¥ DM Ph·ªõt
thanhduong194,1467081988,5128605298993874672,Thanh Duong
vong96,1720942690,-6528899054891847197,Babylon
huysmile,1739117022,6693107407744102269,Huy Quang
acepaca123,800997175,2823088378265823001,Acenopaca
ngKrisEl,1009454070,5216500921152672515,‚ú®Kris El üáªüá≥
andylee85,1467318895,1598737185933064627,Andy Lee
DANAMIX,1620810741,-1312244569295339932,Tran Dat
silasquach,882279428,7121734846792439218,Silasq
Kem_QUOCHUY,1795681888,6986645351902400293,BarryAllen
chamcham99x,1815004859,6684499419939534331,ü¶Ñ B·∫£o Ch√¢m ü¶Ñ
Phantom_off,2118754970,8512750674682850043,*******
Nguyenluanhc87,1722657060,7571738056597972288,Nguyen Luan
Tansporth24,1462822502,-3836381188369765290,Tan Tran
baorenzzz,2055556534,7317684301927732682,Th·∫ßn T√†i Ch∆°i Ng√£i
Hieupham02,2123270393,-18468905724598507,Hieu Pham
thienbtf16,2141913784,-7632049878793039297,Thi·ªán Nguy·ªÖn
TM369999,2078774891,-7838015845744870379,T. M.
PhapSuEbay,1329276053,-345783310782882636,Phap Su eBay
mnhson87,1460712177,2613305785746867583,So Ma
Tintin208,1651456704,3692835029729197484,Tu·∫•n Ki·ªát
Tamories,1840295782,9004186297524699869,Tamories
Tjjhghui,848095661,4570161293019402082,D Pham
nghiatran9696,5085394398,4480493462472076277,Tran Van Nghia
nicklanick0,455127658,1880019030048547255,Minh ƒê·∫∑ng Ch√≠
ShinYunBok,1423658066,6476803526452351686,Shin YunBok
Vuphuong94,1900122364,41407499789307766,V≈© Ph∆∞∆°ng V≈© Ph∆∞∆°ng
sonquang95,753807268,7678277955792368705,S∆°n Quang
phuocnguyen1988,877755936,-3650492585760543604,Nguyen Phuoc
trucly09,1660152945,6862172125307965148,Trulyoves
tienvjppro,1838287641,-6757413277605805021,Ph·∫°m Ti·∫øn
Indicatorsvip,811168756,-4739552258079587404,Indicator Vip
MartinezMick,2047264500,-8020204152621270652,Martinez Mick
CuongSevenr,5144155195,290005875254417547,VeVE Nft
mikhivu,2102187566,-2029593069198308838,Khi·∫øt Minh
longdavid,1797640424,3730326802311515383,Hai Long Nguyen
nguyenlexo88,1913824625,3729621856227041792,Nguyen Le
hienhuyen,5027676629,6886769106045559165,Nobita Nobi
forgetme2008,5272630392,-3239412661570227940,Ronaldo
robinnho,423179405,5617199517180469959,ZODIACS tan n√°t ƒë·ªùi em
minhquy1,1651016385,5769221390954741387,Peter
htuananh24,1094032278,-8546285892687821944,Anh Hoang
thanhvu299,1940478190,-3337410103288445405,V≈© Thanh
HoangQuyet85,1739627685,5673729827598765924,Quy·∫øt Ho√†ng
dolalatoi,1635904952,-5745160355234512513,le ngoc
tinhtrinh,612791918,4049638976902682762,Tinh Tr·ªãnh
cuongjacky,799252851,-3311008070187613247,Cuong Jacky
dnquang,1358945296,9084729334971213712,Quang Lesor
thangcter,1701036099,4211689518244912501,Thang CT
PhamNgoctinh,1798091601,1408389739989530579,Tax TK
Tienag,2145787586,-4083954253499964443,Ti·∫øn DV
Thanhbinhnq,327003231,9107332956712747935,√îng N√¥bi
duongtung,516761366,-7958055024131764276,Tung Pro
duonggame,1914413154,976363883312220093,Duong Phan
handofmidas,372901919,-6017737112601855078,Midas
mrrocklee,1200484042,7731025566986268406,Ch√∫a T·ªÉ ƒêu ƒê·ªânh √îng Ho√†ng Fomo
VVDuy,1300927526,578383319405352716,D Duy
Tovi8888,1557056025,8045066397500006749,Simon To
Phongle1989,1858077953,-6622003627194329447,Phong Ngoc Le
trinhdinh,1356685855,1367112787233498701,ƒê·ªãnh Tr·ªãnh
bobnguyen090,952775345,-143711591610554169,Bob Nguy·ªÖn
xMen96,1805241281,-1502097751655040230,Hi
trantrungvip2510,753931857,-1590423945019567790,Trung Tr·∫ßn
dtcccccc,2081473288,9147420976550598228,Duy T√¢n
toaiphung2204,1666521515,3545720104904892298,To
hoibidangyeu,1860198634,-4554298010675087163,‚Ä¢DA
Huybossvn,921017616,9139972755641046493,Huy V√µ
hoan10th111,989533575,7881648356321072714,ngraysonvh
WildS2Horse,250386297,5669800449409254120,‚ô¶Ô∏èT√¢m Tƒ©nh L·∫∑ng‚ô¶Ô∏è
quachhoathanh,2053635634,-8960209981720301431,HT
Ngoclinh1988,867271906,-5507953860608040464,ƒê·∫∑ng Linh
nguyenquanga,1534426201,-1133073536200854231,Quang Nguyen
HiaoGuu,2098537654,-6370817065917081489,Lee Hiao Guu
timtrangdaybien,923647507,-7541401703275670650,T√¨m TrƒÉng ƒê√°y Bi·ªÉn
VTSPOST1,722386842,8204495822570983025,D≈©ng Anh
okbus,1750911100,-370292601900686482,Athony
vdaik93,2052558987,-167742731372885481,IDO Launchpad
Lvquynh,649607694,1077113498202469580,Ly Quynh
neillee1311,1397198660,-5853264495851630592,NEIL LEE
BryanLee21,1406623778,-2165170464098748787,Minh Lee
HaiAnhNguyen,1297294672,1189848985352027459,H·∫£i Anh Nguy·ªÖn
cat1016263,2001907770,7333515640397658589,Ph∆∞∆°ng Hu·ª≥nh
minhminh48,1082057931,-2390607374845830280,Ho√†ng Minh
Phongtrannd,1578274355,-2618906586118423656,Phong Tran
linhct85,1446956793,-3344579872894285949,Linh M‚Ç¨
hldragonS,1498928100,5645766062564894054,Fire Emblem Ng·ªìi im h√≥ng k√®o
Haitram,1522934274,-5735328086270407394,H·∫£i Tr·∫ßm
cryptoshuakai,1541024068,-8400776382998304958,phucs
errichh,1438267081,6430539377139454160,Errich
Tit096,637999155,5432130974880759473,San San
vinfast129,1055878160,-6214255855484844911,V
uchihazoro9,867122442,-2539468139721410199,Uchiha Zoro
Calvin_Bui,1448917022,-3673454983879672150,Calvin Bui
sonngo1996,1838050139,3584865307181987841,Ngo Son
dunghoang1607,1412371135,7159234213635308323,dung hoang
NamNguyen7086,1695631031,3088054685959837542,Nam Nguyen
nguyenmanhcuong5,626490597,-6098261566441670871,C∆∞·ªùng Nguy·ªÖn M·∫°nh
tuanna12061994,1430208213,6709941863218510765,Jack N
taylord21d,5142222754,-1628782419681202015,Taylor D2-1D
Khaivt159,970224570,2746763886857790416,Henry Phan-Never Direct You First
johnbasilone2022,1946074626,-9132904211214179151,Cash-Flow Investor
tungbeng91,1114164175,-6280102675069316673,Tung Beng
xuantuanpham,1209162516,-5289270869512890940,Xuan Tuan Pham
tbear42,1945248341,1190449415213817759,Tbear42
tunguyen253,1955174708,-4404236215969491149,Ca'Keo`
coolhouseSpace,1656570166,8640424169792399447,Be fe
manhtruong1983,1728380734,8271752392106223535,Chu M·∫°nh Tr∆∞·ªùng
drnguyen6789,5074829085,-8565521547321457812,Nguy·ªÖn Nguy√™n
Pguin168,496720008,-5514295686529457462,St
alexxthanhnguyen,5003119131,8875618126935631218,Alexx Thanh Nguyen
Vipservice6622,5290011788,-7980263162909759810,VIP Service
VBANB,477297126,1200277801962027965,H·∫£i ƒêƒÉng
truongtmg,1428957272,976949686124658035,Tr∆∞·ªùng TLM
Thanhgia,1840108050,6541794286726117981,Thanh Gia
noface1212,441271634,1396960772927593898,Falcon
bachlee,845892895,2424546082726292852,B√°ch Lee
Marumoo,1566424108,-6841238196454288165,Marumo
binhkhiem89,1888827465,456453550347622255,Azura - HN
daveytran,2107820314,5242992873851749954,Davey
VNProTN,5065636505,3154023204283827585,Nguy·ªÖn Quang Nghƒ©a
HoangVanHieu1109,452612194,2121149951302409092,Hieu Hoang
Cuongnh127,491393061,1644461890708911424,C N
dackrony2000,789531730,3991903896143870217,Dack
tpt109,914213182,7453783298375851314,toan tran
bvdthang,1721175561,1160757965052677941,ƒê·ª©c Th·∫Øng || Never DM First
suvnn2020,344184458,6315710829850411923,S·ª± M·∫≠p
letritam,643100968,-8731381313122713126,T√¢m L√™ Tr√≠
nuslvm,850599059,8148914036860379811,Tr·∫ßn M·∫°nh
kidnobita,1113425126,-4493617424980794060,Nobita
Tomtom118800,2027102122,-9214982019618795131,Hao | 2022 nh·∫•t ƒë·ªãnh th·∫Øng l·ª£i
NoFeAr1211,493871246,-3630179247068028599,NoFeAr 1211
coinextend,1835340812,-7866835943964807278,Coinextend
hao28,1519543168,-3570689811630565848,Hao Nguyen
gingkite,2049720353,-4237467431797548855,ƒê·ª©c Tr·∫ßn
dhnam2010,1897194114,4379235055533786907,Nam Dao
CoiChungScam,1734948552,4487529891336921715,BriAn LiAng | OnTop Guild - StepN sideway 2 nƒÉm
vantoan2901,1545494125,-6862852713471935311,Toan Nguyen Van
datvo88,507771014,-6452129157676893724,Dat VO
sonmmo,459757375,6109357538846105828,S∆°n Nguy·ªÖn
BlackJack731,1801959040,419431587009361901,Nguyen Ngoc
LeHoangHaiHNPC,2102469051,-5438673381378030094,Hai Le Hoang
nguyendai16897,1235393073,1918764703998577435,Le Nguyen Dai
luongXduc,1285968619,-1355834857116592565,CoinRes L∆∞∆°ng X ƒê·ª©c
AlexPhan368,1344035268,6540524264755624519,Phan Anh
TienSi89,1353147476,293062676751430437,Si Huynh
Fey029,1101995155,6425346826013667245,Fi Vox
Kaytaivo,1802401689,8298466453271566,Kay V√µ
nguyentoan91,1838014300,2395557547656898473,hack
huyyhianh,5297900844,8659715437532450236,Do Hung Ha
ngapham_0101,780495358,-2165375690656072301,Nga Pham
pennguyen,1130370328,7714231785931777117,Pen
vufrijns,794484781,5983033730184514913,Vu Frijns
Leon_Stoicism,1019526979,1020082299785750341,üëæLeonüëæ
PrincessPp,1532471698,8731224247088284846,Me Just
namsiro1,1311383767,66539743566306072,ho√†ng hu
mrbxp,1436923509,163165010041613920,Peter Buix
centerline95,1766089291,1669770856146083510,Phong Nguyen
Mrpro69,1658806887,-2902563294752024188,Mr Hung
r0binhelios,1266999207,3681608421105559794,R√∂bin Helios
lvchung,945776190,-7994479553525747404,Chung L√™
QarasVo,972475904,1552642998765513098,Roberto Luckly
xuannhan96,780208526,6103876038964864089,Nhan Phan
Duydpham,1697482667,-501572518801730834,Duy P
tucrypto,809512175,-5714722688441507945,Ho√†ng T√∫
thangzxc,5030725834,6914265016834151883,Th√°nh ƒêu ƒê·ªânh
theripplecoffee,386226631,2986576102005960321,Thao - The BitCoffee
hongnhan92,931019580,-2980803002078360424,H·ªìng Nh√¢n
Andy_Long2021,1794868051,-1678432864553597219,Sushi
mondicavn,1320444137,-5040053371623348191,Vi May M√¥n
THANGNGUYEN0108,1605039583,8523131591270727572,Stepn L√† m·ªôt m√≥n qu√†
phu220296,1004141133,6782932067964238191,Ph√∫ Ph√∫
khuent,258034562,-4878386370633862184,Khue Nguyen
harrytrng,935124923,-8632774600673988852,Harry
doublekill9x,1611620010,1986804661326079736,Double Kill
hoangdaiphitruong,1713668274,6483098333190941203,Xmser
dinguyen86,1933301421,6015503996557604996,Nguyen Di
phuongnguyenstore,1832694105,1085093813042608890,Store PhuongNguyen
noregret87,574453020,3424081926675133690,Ch√¢n Ch√≠nh
youngbow,996487472,4660050321541368426,Bow Young
Quydominh,566994454,8315837423279818978,Qu√Ω ƒê·ªó Minh
xuanlb9,936941483,-2569376787538930712,xuan tran Ngoc Xuan
kotdark,595683058,-843353591708006289,Duy Cheng
thanhnv88,835312438,-8340112915272766535,Jacky Vnn
Manh2007,1446079770,-3948159990508591853,M
thanhtranc,2140866402,2501092513980149604,Shii
endyvu,5041422013,6281477893594728778,Endy V≈©
ntbinvestment,1845343943,5795923879159176206,Brian Nguyen
phu1995,1882858498,2345948277136878141,P
Mislee4488,339768455,-188154684841197883,HTM
nguyenchungbranding,84691202,5484401435251234726,Nguyen Chung
Duoc93,1385647079,-6927510759454017624,Esperanza
Phonghi,1546223608,-20734537878766496,Windyyy
Bimqb12,1781798252,4653509674246700459,Ki√™n Nguy·ªÖn
macvantinh,1916713477,-5378675238567357026,Tinh Mac van
FarmerBSG,2093935057,-8959340677554926729,Farmer
Trinhnguyen2209,1207436795,-7418474322699757899,Trinh Nguyen
ThienTD_98,1713283805,1424827860526016890,Thien Td
Dong2709,5060314586,5960616235696807342,Nguy·ªÖn ƒê√¥ng
giangdh1996,1305567343,1485276158469507742,Giang Nguyen
longdinh1991,1680236588,-6899717170565095867,Long Dinh
tungagribank,2007961367,2742425878362176409,Tung Pham
heavenltt,1078507847,7196123121006808522,Heaven
T1Vitamin,1580530328,6498018796762433260,TranTung
Nhungtrantn,706785435,-116344909232065387,Nhung Tran
darkmoonx97z,2119822831,-1285766407405032532,Dang | Khoa
Caotrius2302,493659247,-7472135374986370260,Caotrius Cao Tri 058
tieuvien,560688406,4389628938128316610,Ti√™u Vi√™n
hanhhaqn,1969966758,5800905921576756187,H·∫°nh H√†
Siricco,395193470,2928827057633382493,Siricco
nghiemvn,936965180,3750873843720122547,Nghiem Luong
homnaychanvkl,2104483051,1483365647007877970,God of God
Woannguyen,1704788350,4276949802148505053,Woan Nguyen
thongluthier,1456174400,-7698519084452216288,David Pham
emily269,627079411,-3433765837656058263,Emily Tran
Duyrau239,1875350898,-4078906102734313694,N Ruy
zun0792,1461119254,-4392300511751618800,NGUYEN VAN DUNG
Dinhuno,1805724831,-2337805359341824114,Hoang Dinh Hoang
daviddn02,1581958201,-35189872732589679,David Jr
changmi78,1654390138,-1450053328654202082,Rose
s2kidlove001,433872855,3017483080211585318,KiD MMOüë®üèº‚Äçüíª
leoto110,1324168513,6008086718008330194,La La
newway0310,1220691163,8824653352293389823,Way New
monkhun,818957643,-6115579159833751194,Mon
Chrisfame,1491447746,249878844181466066,Chris
buivantan2812,1634446251,1735017409093450088,Tan Bui
Tuantran9287,2141435068,5469896264710940924,Tran Anh Tuan
NhanPro6868,1976490294,7304126420344040505,üèÜ NHANPRO üèÜ üèÜ
nambi777,1205597476,-5919593701091929165,Nam Vi·ªát
Lynnn95,1529927999,309549929603866298,Lyn
Nguyencong1102,1984382632,-8116134027661677569,Nguy·ªÖn C√¥ng
dohuythai,873909917,3448247856969197896,Solution
thanhdao1994,5224635963,7910736388963068195,dao thanh
Thanhvu01,1814314227,8033537887306866795,V≈© Tr∆∞∆°ng Thanh
nerver1208,389057323,-1060392213967725500,Ph√πng H√πng
Hieunguyen18891,1122059299,-2626815897381382275,Hieu Nguyen
TronieK,1661700054,6906723453559833990,J N
Heoboy,5098110280,-6333379069074793817,Hh Ii
iamllam,536242070,-6953775843626053255,LiarG
sonusha0,5003025925,1890164793682828878,Sonu
Toantran170315,786663964,5061160712554893465,Tr·∫ßn To√†n
namanhz,1079979199,-3736410745243391291,üî•namanhzüî•
tychuotcheck,387538237,-1912369385444837829,T√Ω Chu·ªôt
TommyShelby331,1473896609,-2635129771956442662,Tommy Shelby
Edric_Wilson,2112213749,8699070102254698051,Edric Wilson
Jimmyopv,229388784,1626555840638362067,Jimmy | OPV
thanhhieu062,2057988879,-2321628359152155620,Thanh Hieu
Theson2201,771783647,2622038922976769100,Tr·∫ßn T√πng
Paulominh,1097050435,-1786981308813457591,Minh Nguy·ªÖn
booz97,1744788567,7533223950691977989,Tri·ªáu V√¢n
Hunter_8x,720483856,6046356768079670063,Hunter
QuocTrung85,845074548,7407222117236577422,QuocTrung85
Hero3868,592858506,1937408699060303225,Warren Buffett Warren Buffett
TonyOnl,1555022494,8624822221906829135,Tony
haianh628,599061681,2422630609079107735,H·∫£i Anh
tanledinh,1654202385,5422920230286871652,tan le dinh
Vien287,1267304219,-6017715698360156693,Vien
tphat98,1178704308,5904199062570592994,Near 17u
vincentcoinm,5144762358,2346040993151731249,Vincent Pham | CoinM Ventures
nntuan7,660866161,4317936377087566442,Tuan Nguyen
matthuynh,945905830,8141445430339002344,Matt Huynh
Phanhuy1,412212095,-2429167500528742494,Phan Huy
vinhshopify,474455175,4427276452602755502,üåÄüêã üêæ
hungduong195,1725793715,3081836905995580219,Duong Hung
Yurin_nguyen,1570738454,7431232480681727973,Nguyen Yurin
tuanviphp,550101590,6594715691624903565,Tu·∫•n
Mobla21,5111675176,2205574658373329506,ToanTien dsadas
vanvu2506,969120166,4345072466765977846,vanvu2506
KingPrTc,2067658865,755155069448957029,Kh·∫£i H∆∞ng
Phphgia,1026081274,2847610569266044984,Gia Ph·∫°m Ph√∫
khoapvv,956902554,-6273479548730572731,Khoa Phan
lehungtrong,461233786,6695960566925849817,H∆∞ng L√™
otokon1102,1024273802,-4135669829997324263,Giang Dinh
mcnb02,913817729,-8816653979585897951,bui chien
Hungnguyenviet96,1307541345,6860301638032246132,HCS
Vinhcen,457449565,5445797526571245151,Vinhcen
hoanglong887,1876449632,924803485088730173,Tu·∫•n Ali
Hoangmink197,1669298971,-8752231270060948623,ƒêƒÉng Phong
tsduypham,1303740438,-770877461959911819,Duy Ph·∫°m
handsuper,1330374412,209483331512516271,HT
cubisung,1971293336,4426354826471526804,S∆°n L√™ H·ªìng
vuhoadien,1396397064,-6882281948917141370,Oa Kho√°t ƒê√†i
Eros_Angel,1906339568,2128904900951171877,Eros Angel
canhnguyen,331863190,-2352962065400290856,Canh Nguyen
Steveg86,969993224,536837895134883607,Steve
kyphong123123,1568772423,8340774396517083153,I'm Nobody
linhpew,854472353,1148225497689502763,Linh Phan
lyhuynh685,1147445462,-6242029431467571974,Hu·ª≥nh Th·ªã L√Ω (NL-TinK)
minquantn,1488610037,-6579151152949940418,Min Quan
snam98,1928241840,8333746173925685993,S Nam
Kiemtienonlinevoz1,252802839,8999159810555846375,ƒê·ªó Vi·ªát Anh
dragoncdn,1879599067,-4037439921314268957,DD- dragon Never DM First For Fund
trongtin91,518806865,-1913888489779947777,T√≠n B√πi
Phamhung288,1013473206,-6239428894834905935,Pham Hung
anhminh21,1056867547,-1845926780912000945,C·∫≠u B√© ƒêu ƒê·ªânh
SozzaAK,5058266323,-7145945992963851059,Azoss AK
Votien3070,2112496125,-8038571011371650222,Ti·ªÅn V√µ
ldkhoi97,996223608,-6355315137244016635,Kh√¥i L√™
cuongphan94,919767589,-5626828173865694870,Charlie Phan
quyph,380140446,6590014368148611271,Hoang Quy Pham
Lil_damoon,1350627451,-8391840096318701566,LIl' DaMoon
executerr,481288223,5614127329238052188,MC
Transang29,524344152,-4679070080140314015,Ch·ªâ l√† 1 tr√°i chu·ªëi
m4rkit,527857856,-3535572302220938585,Phat-Dev
Khanhquoc62,1666668311,209444498297593899,powder
nambeo95,731028587,-483552548960823303,D∆∞∆°ng √ât O √©T
nikita6688,801931052,7080336832348726546,Hoang Hieu Corona
miaslokov,1601413846,-7232523032890114069,Ho√†i An
thinhtran1710,1648134058,5625993352193884564,T√¢m T√¢m
loc4atnt,1755322056,-4254417370845124090,Huynh Duc Nham
lee3788,230356804,-8907389817944432566,Duy le
KenvinHoang,408310353,-3221136431967671988,Kenvin Hoang (Shorting in the rain)
Nick_Nguyen95,1755062383,-1803238069663265727,Nguy·ªÖn Nghƒ©a
hoangminh040,5105991646,-1603255604400666152,Ho√†ng Minh
martindung,5090622788,-4652116177284279105,dung tran
Raizel68,501449763,5171871305869509611,Raizel
cao_nam199x,1327099528,8832317550204177170,Nam Cao
TnKhanh,1697165815,445241606663588763,Tr·∫ßn Kh√°nh
vinhvungoc,1092811463,6952910802204422550,Vinh Vu
tienseven,1913677170,29750400237320896,Ti·∫øn Seven Cover üéô
tkgovn,1606600076,1474381505095198999,TKGO
hvk102,1209585912,194795132591307593,H√† VƒÉn Ki·ªÉm
fivedame,5277175979,-3121344699895964910,Only
jack11111x,1066350604,1266212756358300631,jack man
thangle1995,1881298868,8285590319733237455,L√™ Th·∫Øng
doanchibinhh,1945325316,2429445097330714446,Tr·∫ßn Thanh T√πng
minhlongcctv,676100372,7186507824483653411,Minh Long Solutions
haule2603,1650736535,9178169339773582772,What Ever
linhnanh,5299500244,-5565388812300765920,V√¥ C√πng ƒê∆°n Gi·∫£n
veyseloruc02,1456812618,-9182225558519221361,Veysel Oru√ß
jadendz,992749939,5227540065256907718,Jaden Nguyen
duclee68,5075036465,-8239640753936262499,ƒê·ª©c L√™
vutq1994,1262271402,2150844937048751955,V≈© Quang
Halfdan_vie,1021253118,7532330087225309446,Halfdan (NEVER DM YOU FIRST)
quangsang1997,1056431291,4577220877744055930,Nguy·ªÖn Sang
Lyne127,961602713,8208109072909457794,Ted Hale
nampham290897,1811817843,-4214001932461270587,Nam Ph·∫°m
lyphn,1251799770,2502835570885001951,Phan Ly
higoph,916488842,7950211336080570541,Higo
trungpham1993,5004438461,-690665356085902395,Trung Pham
black12347,942245690,-4300844892816369233,Crypto
kimkimnam,1316871049,-3252704393221530882,Kim Nam | Venomous Capital
nguyenchitien195,995160970,-435888616580566552,T√™n Ti·∫øn
quangseven789,1851445209,-5486569952830664658,Quang Seven
juve1102,336099925,-4918473208899091724,Juve Nguyen
nguyenzietha,1685642668,-7349222413035526760,ha ziet
AirdropCandyEU,303479262,-1536909168006325802,Airdrop Candy (Official)
mrkai208,662666175,-1548937502013345175,Mr Kai
dhungvy,1882928971,-9018456856978774809,Dinh Hung
T2T_Cohoac,470216241,-4014283122185491705,Cohoac
NeoNTL,1882665951,-6169475423756977242,Neo
duyanhd,1170905971,1690913562977642920,Duy Anh
zeus626,1738000875,5092599701187387435,Ph√∫c Nguy·ªÖn
LthO9,512339584,6808640027239940712,Leonardo Da Vinci
Linhmike,1465814570,8691547877693182750,LINH MAI
idkanythingbro,1145046609,-2850673802645757202,Keith Ng
ShivaVN,1042762339,-6502336188957884484,M·∫°nh Quang
VietnguyenPiggy,2136001392,-3429318878062435118,Viet Nguyen
f1gali,433809167,4515921539113084789,Nam Nguyen Tri
gianhien255,1015274618,-4522669850231837418,Nguy·ªÖn Th·ªã Minh Ph∆∞·ª£ng
gaconstock,1636522815,-4088885437702310682,G√† stock
thanhtoanvn95,573878496,3203298808627979074,Dario Guerra TB
thanhluagiay,5089317763,-3675603534448367332,StepN m√£i ƒë·ªânh
tranchung666,1639826606,6399769896777651771,Mr.Tran
scalpREAL,1853226297,5697362580207730070,SC
Irenehatesyou,1671977512,5280019447402391055,Irene | Coffee Crypto
tanthien123,968996481,61600285809446672,Kingston | Coin Passion
WolverineTNg,1988000701,-8334679930121494598,WolverineTNg
Loveneedpatience,2075481029,-2771523871794039149,Timothe Mackenzi
Kira3491,409745908,4485317737962125741,Kira
vinh2412000,398557996,8090304955670249146,Vinh Nguyen
layer903,1805862391,-5783822123628462614,Minh Qu√¢n
harointerior,1638314777,-8625770033901225507,Nguyen Hao
leonheartsquall,605162615,1071585836184262395,Tr·∫ßn Huy C∆∞·ªùng
Lqpppp,1157081134,6807601032395171219,W∆° r·∫ßn B·ªëc ph√©t
dl197,5293393871,-975019027130431325,DL
kidiku88,1687389407,-8140622543195988864,kidiku
leocvdtkhq,5056007021,52130502799599226,Bruce Nguyen
Hoangluanmientay,1745038343,-7692792225745757123,HOANG LUAN
Mynhduc,1416258272,7039389482604233633,Vo Minh Duc
ChepBong,1632913079,3883725226787527286,T·∫° Tr√¨nh
Abotosia,1304847612,-1820846280313024030,√îng gi√† !!
ASIA_BB,2124156939,483446149840972868,Thanh Kh·∫£i
Nevertheles09,1890353135,-7534133593248751865,Fish Fry
AkaiShuyichi,428508621,1905243783558410907,Vu Phan
Daniel_lefa,1474189132,3871574986833045122,| F.A Capital Daniel Le
fthai36,1727240564,-6995065968270534583,H·∫£i Hu·ª≥nh
Caonhan9999,1231850238,-6038176711155409905,NGUY·ªÑN CAO NH√ÇN
huulam58,1416563784,-3393255048697740180,Lam H·ªØu
lonelysad054,1015486981,-1565810865248575234,Cris Nguyen
nminhw,1145104007,7567511163322560830,Chris üê∫
Tenshteru,1785154204,7185770503148142603,CVP
sowncas,2132707080,1006199549963873801,Le Son
luyenhuy,973553887,5187902664227174720,Luyen Huy Andy
adidaphathn,1402355307,-4772711834440485000,Ng·ªô Nghƒ©nh
quynhmiii,1768943392,3002264711678057668,Qu·ª≥nh Mi
lamvu436,1148838271,-5691787311727466468,V·ª£ Elonmusk‚∏ôÍ†ãÍ†ãÍ†ãÍ†ãÍ†ãÍ†ãÍ†ãÍ†ãÍ†ãÍ†ãÍ†ãÍ†ãÍ†ãÍ†ãÍ†ãÍ†ãÍ†ãÍ†ãÍ†ãÍ†ãÍ†ãÍ†ãÍ†ãÍ†ãÍ†ãÍ†ãÍ†ãÍ†ãÍ†ãÍ†ãÍ†ãÍ†ã
Phongcam,378050814,-702446918589854812,Phong Cam
tuiten1107,1726052778,8149333676848872061,ƒêu ƒê·ªânh b√™n b·ªù V≈© tr·ª•
daint6997,1594785533,920032223004896118,Nt nt
LiemNgo76,1505964012,3372624102121125720,LiemNgo76
nguyenthiloi1940,1741572990,599585396128977952,Nguyen Thi Loi
Hv0423,1048291056,-6455811292117459683,H V
tuan220397,1482242541,-4451155609859661992,Tu·∫•n
ToanNguyen1101,1874543122,-1399004540008897347,Nato
FancyyyBNB,1861914879,-5702655540089191090,Ph·∫°m Long (nh√¨n k·ªπ user name) ‚ö°Fancy‚≠êBNB‚ö°Ô∏è09.06.26.76.96
QuyenCao93,1001149296,2405683917129242131,Cao Quyen
tekiiuu,1331498645,-3707434231258502892,Tekiiuu || Never Dm You First
phamvietduy,1896253768,-3115952798407089305,Duy Pham Viet
vietpoor,1280242163,-1772226899478381966,Th√°i ƒê√†o
tutucail,1683762419,3148782949220910772,T√∫ VƒÉn
congtd1806,1764307529,5230368413443944597,Ton Cong
BobbyCCV,350665359,-4134985914874637729,Bobby | Coincu Ventures
Haipham16,1973098889,6842071683589861538,Hai Pham
tienbayukr,2132480916,-8441439303280637515,B·∫©y T√¥
huyzxje,943358638,-8813557206592250394,Andrew Pham
Tien400,1906944543,7042722026798520118,I'm 400
hammusss,1156690302,-7525821050592923526,- ÈªÑÊòéÂæ∑
Sonvu195,1689658648,1926200662424639933,Son Vu
heoro1,2087383739,-7884248403198709769,Hung Nguyen
mmosfr,476560045,-4717854810209893877,Tri Lam Hung
sangvnn,1161088325,-1188868239513333596,Vnn Sang
brightpearl,1532015183,-7410797957811327497,Bright Pearl
tan2910,401502536,-900428438660471905,UKYO
Kai9191,741469461,-8276161435484071471,L√™ Ho√†ng Th·ªç
Richard0507,1637107184,-2758704754968070546,Richard Mille
trungkien87,1615494535,1464535209682292927,Trung Kien
xunder00,1865997563,4410119026700598490,X-under
Trang1004,1876103638,-4754170420770467149,Thuy Trang
Davi_chair,994231361,354233168462723571,DAVI Chair
tieuthieugiahathanh,1397880913,-7180651322365329660,Raca King of
etecman,856533811,2935365366127968903,etecmaN - Target KARA 7$
cuongbeest,1795357261,-7581875498890185580,C∆∞·ªùng V≈©
Tony_NT,5054668071,2023174611576929200,Minh Tri Nguyen Tran
yeumeocon,961683339,635389833123000070,Y·∫øn D∆∞∆°ng
trungsin,95099041,-3468279366623902319,Lee Sun
dangan198,1823564622,-1505374604098476149,An Nguy·ªÖn
nguyenvinh01,1274617773,5949121014517244822,Vinh Nguyen
HeoRuby,1377593835,-5265145003793986069,Ch√†ng Trai H·ªç ƒê·∫∑ng
darlinh18,1218830472,-5570251907744100847,Darlinh
Jackmoneyss,1941613661,1342641331420166964,Jack Money
trungdqcrypto,2060504849,-2734575716609985904,Trung DQ
nvlam1688,954560058,-5106827028865133622,nguyen lam
phuong162,1021894723,9045214692646900065,Quoc Phuong Truong
tunghuynh3107,1205687771,-5266396639030847383,T√πng Hu·ª≥nh
namtran9716,1065629630,9148717748734707252,Nam Tran Hoai
Hoangdat39,1836251305,-2294441622637697521,Ho√†ng ƒê·∫°t
Shinji0306,1279602550,6583024986640738607,Shin Tr·ªãnh
datthieu_2211,1242284976,-5183718459433164988,datthieu
kieuoank,1789380622,-2252033627255350501,Kieu Oank
Deeplone,672627487,8619885971277193965,Deeplone
mmfmmo,533021752,5911649282025771813,Hung Duong Duy
kakathinh42,938977853,6832571045077611339,Thinh Huynh
jetnguyen631368,1241566570,-5375004589871058256,NGUYEN JET
huyzau,1938692284,6153941359481764481,Huy Nguy·ªÖn
TrangAnhNhi,348134854,1301025274890837496,Ros√© ü¶Ñ
Jonnajinton023679,1602633889,2633745304227396025,Jinton Jonna
Thanhhuy92,1985149236,-66561539110090273,Thanh Huy 92
quangdai1206,1085250121,-2285608799417917730,Dai Ha
longtong120,503101069,-7822740462550362719,Tien Hung Nguyen
Noname1112,1905212688,7723742276056016133,Noname
Hoangtan150193,1126037731,8424742464549419137,Ho√†ng T√¢n
tonitran611,1890619468,-8603005400131661002,Mr Walker
jamieplay,1277658777,4069022624028587426,Jamie Tran
Jessie0246,1002254188,3091432684143265142,Jessie
thanhcuoi1993,1700647641,-935560462463381831,Thanh Nguyen
chauwh,1763489401,3012513721926764593,Ch√¢u Nguy·ªÖn H·ªØu
HuuQuynh91,1318018041,-4076639093453320611,H·ªØu Qu·ª≥nh
Oriz1206,1883578370,6378437967485323158,Nguy√™n | Oriz1206 |
duonghoaiduc139,1064891322,-4197412434169975068,B√πi H·ªìng D∆∞∆°ng
anhdai68,2040651233,-8749169810181235258,Anh Dai
noelle79,1685394989,-1261538622468710195,N.
thetungle,433111887,5671999030720340574,T√πng Th·∫ø
trungthanhontop,745740844,2364224401302083882,Th√†nh Tr·∫ßn
metache003,5067251962,8333479232811217207,Phan Tin
phan98,1504749937,-2714459743024427993,To The Moon
binhduongxyz,1839408503,-5562331830394332653,Binh Duong .Xyz
trannguyenluan,801190718,-1197345099220040017,Tran Nguyen Luan
DuongVu39,1169345015,-1963997990898699895,BaLT1
Emily702188,1944090073,434915008442462642,Emily
George541349,1852902753,5745919557179068391,Nin h√≥i
parkhaneul252,488838477,3343673017440888845,Park
Jinkyyy,344681057,2275387633181222235,Giang Ph·∫°m - 032.993.8888
bpt2598,1612790520,1979417829488047170,Petey
Ngocminh1993,982158692,-8142844209099177956,Nguy·ªÖn Ng·ªçc Minh
huyenhuyen2000,1878012225,-6940637902811168669,Huy·ªÅn V≈©
limmi97,1976261229,5473185395908176132,Limm Mi | ONTOP Guild
zan14512,532008068,2899235455779660047,T√≠nh Tr·∫ßn Q. (Zan)
Donggiauco,942685634,-841838437985365210,ƒê√¥ng Gi√†u C√≥
hovantoan86,5110629625,-2420683757022373283,VƒÉn To√†n H·ªì
namhung267,1217373428,-3188039150197067048,H∆∞ng Tr·∫ßn Nam
quocminh2011,1911369337,6276547885588415651,Kingtiger
OP_HoaBinh_Thang,355517533,-4638406830276834298,253115 - A - NVKD - Ki·ªÅu Xu√¢n Th·∫Øng
ddbblm,1275391867,-1662794751745501743,Mi Mi
vininh,1425571382,-7628957568372720999,Vininh
tronghieudo,1243286994,-4743311321020582546,Hewie
HiepBooo,897689700,-6233778916830420698,‚òÄÔ∏è Minh Ho√†ng ‚òÄÔ∏è
Nttrang111,1258472943,1054866945452002956,Thu Trang
Pinkz2903,1927014526,-6874687015247116161,Pinkz
phuntp290,1013243538,2413768210305655846,Ph√∫ V√µ
DacLongNguyen1,1483691138,9208309288355592118,Long Phi
ChuyenGiaDamDit,636003547,8054130955390020240,3seven dn
trong_aaa,1633264570,7518407861750534514,Aa Tr·ªçng
Raymond_ZC,1212429238,4166484563979291299,Raymond | ZeusC
tuananhbora,1950704784,4430059098864007529,Bora Bora
tungsc891,1976784794,-3150131940384356039,Thanh T√πng
sangarchiee,1618920843,-2613299034404200045,Archiee
nitnguyen,1754122007,-5714875918567655827,H∆∞ng Nguy·ªÖn
vadapooldot,428602169,-9162279038763965642,Huy Le
jamestrinh888,1615367470,-1408777769280031288,James Trinh
shermankao,405186574,2547031714253441639,sherman
hokagedeluc,1616493463,-6053434482626613235,Hokage ƒê·ªá L·ª•c
trongtruong2509,1820662868,6844592327776433115,Trong Truong
BotSiro,713057910,-3373185546846374897,Bot Siro
hiddengay,1313548288,7589882597603814249,Dissapear
Venn2006,1336985729,-8437489489906136914,Venn
U23VN2019,1307873575,5234051733178151469,Hamy
huki233,546446156,-6706742995577819120,hu ki
phungle0306,1312056477,2318224926497346842,L√™ Ph·ª•ng
lehieunft12,482269474,4961709143168754420,Hi·∫øu L√™
haudo235,1637465755,4116064493368502594,H·∫≠u ƒê·ªó
ndhung1356,1930772083,1469500145720378483,Hung Nguyen
ntn1308,2007354837,-4891314244468067923,David Hoang
anshushi,1742065936,-3352846234318295522,AnShuShi
thanhmmo19,881366002,4137154659527481651,J K
j8822,1489881433,-4082812476840649726,Jenny
QuyenLe95,1493843023,-6003689527297418879,Quy·ªÅn L√™
johnnyfifa,1306470692,-5960526770184552884,Johnny
Haisophan1,1269308611,-8248347248900853945,New Story
Tinnboy,1615268683,-772472928626345426,T√≠n Nguy·ªÖn
xuantung2603,2138023346,-8428195737580585677,T√πng Xu√¢n
Bobonef,950470638,4979592732513343675,Lu Tien
hoanghaidanggh,1697552285,-2322108841239616530,Ho√†ng H·∫£i ƒêƒÉng Nguy·ªÖn
halo6868,850557382,-2737593075302175177,Halo_88
vuphamminh,1938609759,-6042506785868081584,Vu Pham
daotuan7x,1365895949,4392627497404966520,Tuan Dao
MikeEncrypt,1486467950,9206983668424719665,Michael
luna261162,1515445579,-683795466249749986,Luna
beegift,5258303192,-9202114027781436104,Minh Hoang
HoldRC,1756363434,-8742302588751988569,Mr Vu
Wind20195,1459952869,-817856933728879660,Anh Nguyen
Duongtit,1470483099,-6804364463494311735,Duong Dai
Richhugo,1496683289,-5173522855609834165,OT S∆°n·µá·∂¶‚Åø·µâ·µê·µí‚Åø
SuKem2602,1618220095,41646925679539156,MassDoo
datnt9x,1471528124,2106981651914253598,Nguyen Dat
qata0705,1684772451,-2310386627994021584,Qata 0705
kenkyoboo,1698419529,-8543998305995992862,Tung Nguyen
klinhle_219,546223417,-2309467480373649448,Linh
daicatuan,983353866,-2206563102792638066,Chim v√†nh khuy√™n t·∫Øt th·ªü
tinameowmeow,1552018797,3480407320743726931,Meow Meow Tina
christinia333803,5205766028,-461124986203176721,Christinia Fekety
Vytran02,1836713534,9072749148526818137,Vy
phatnguyen0508,1729865878,-4544159734413896543,x·ªï s·ªë K√®o
mtlong45,1091040404,5320391496937460637,long thanh
Khoa031020,1591401149,-3133579546776385459,Nguy·ªÖn Ho√†ng Khoa
vuongphong1993,827476094,-4519513743140853268,Phong Vuong
Huongtoma,1052742732,1628900949651325342,N.V.H
quang2812,1212467182,3103397787018665053,quang nguy·ªÖn
longlt1795,1632258240,287870340296252754,Long
TranAnhNgoc,1687257528,-70843182736547979,üéñTr·∫ßn Ng·ªçc üéñ
haiduong32,1965244327,-1814310949134904355,Hai Duong
maximus1422212,1374520742,-6901692649889882998,Maximus
vuongpham96,1546227608,-1340171141931744459,Ph·∫°m V∆∞∆°ng
vbtxviti,1883345396,1711107543212002259,Nguyen Nguyen
manhh_2612,1155300333,-626899695325503794,M·∫°nhh
manhton,1445933943,3236427580540714395,Tom TQ
Thanhvan1004,1708441957,-2300347398709703421,Thanh Van
Thinhnuty0964362310,2137807269,4891244533091586393,Thinhnuty Thinhnuty
sinhnguyen1211,709212211,3172663492041900693,Nguyen Khang Sinh
truongle280801,1639417438,4580393898107121710,truongle
chinguyen54,1704074726,-482196026814022972,Doctor Strange
ant1k1m,1987031177,-3831019521003280074,The Ant
NamTrung_SaidHi,2046717681,-7296940869017739388,Nam Trung
Huandc436,1129140937,4383095162341452902,HuanDC -Ch·ªß ti·ªám tr√† ƒë√°
nguyenbn,1126950632,5261889680600030452,Bui Ngoc Nguyen
Yoshida2108,2075159253,5804005921596508126,Nguyen Yoshida
bitanguyen1340,1246881932,7051743016916044257,Bita Kun
SieuBeoU,748072565,-1306279686083570348,SieuBeo U
GamoSonic,1128317880,2393635148647558740,G√† M·ªù
giapduong1x,1711708198,-4394775027953130730,Gi√°p LH
yanhyong,1203433293,-5102557469285129730,HauDer Nguy·ªÖn
ductm11,851718190,5641336089034117843,ƒê·ª©c Tr·∫ßn Minh
danydanydannn,1273959274,4469593143287698736,Dany
Hieudoan78,5041178529,7548888247991569173,Smith Do√£n
grace90,569938508,-4642047184778076549,M
lmhung1987,1026609825,5330891702571728640,L√™ Minh H√πng
Usdtsuny,1465594298,7359912679580684696,SUNY USDT
thanhvinh75,1075897594,5696320195863632980,Nguyen Thanh Vinh
daviklv81,5023149901,8892133409448282109,duc nguyen huynh
vogiathanh,848480560,-139292952814489201,Th√†nh V√µ
Changnguyen9x,1625195084,2909819717164450608,Chang Nguy·ªÖn
tuandung95,280684884,-247671610834775740,Tuan Dung
dungnguyenmanh,406654081,-2795478837383693999,nguyenmanh dung
eng_socheat,1426558582,-1609377189599901316,ENG SOCHEAT
Susuhuyen,2095724347,-2156732811234619844,Huyen Susu
Thanh1906,1524160221,4440439246405520617,Tuan Thanh
jentai69,1739521574,7501948655354664899,Adestander
huuthanhle4,911261924,4795679184726043441,huuthanhle
Hoang1456,1122845097,5453432954701473833,Hoang Minh
maihung99,1703714211,-433557717889032224,Tran Hoang
iamabcxyz,1015949253,-3051653829311386751,ABCxyz
roffkittenbtc,1647993643,-8983669373929818876,Le Tu
CuongVM,382580190,-1387660627040248284,V≈© M·∫°nh C∆∞·ªùng
TDV00,1145338756,453951308445064113,TD V
DavidHo1509,231012815,1410745550190652230,AnhDavid
tailoann,1043180163,-2942367809860458473,Th√°i An
Ngdckh,1790487797,6987257676855042195,Khai Nguyen
truongsinh9x,1193921344,-4203783913827523118,Nguyen Sinh
phuonghoangcryoto,5075796479,3438820675540405954,Phuong Hoang Van
Vkhanhhoa,1903702924,-5272303538794996050,Khanh Hoa
AomaToshiba,2129733983,-6655356850923853737,S√≥i Gi√†
nnguyn,1492091269,-1879044995825772614,M·∫°ng Giang h·ªì
haphuong1779,1760050817,5116036606672956180,H√† Ph∆∞∆°ng
LongNguyen25693,1853186975,3051103079114943028,Long Nguy·ªÖn
Natuan193,1770715271,-4526234692789386249,Tian
Tam_Thanh,1244321589,9218152583198419329,Th√†nh T√¢m
dentoi,429142423,-8773294429948607194,Mr Brainwash
h2r96,1729347080,6426965835160947428,B√©o
thanh_btt,1746007357,8229442948025872750,Th√†nh Bt
thakur_rb,1080654136,-1619338021408541551,Rakesh Thakur
lalanij12a,1665635838,6459366860456261081,Tr·ªãnh V≈©
Yukabahonda,1203328732,-3461001029791729260,Hoa An
supleaks,1714828264,-208536261987679750,√Çn Nguy·ªÖn
bienduy99,1501986415,3036261670135857121,CITRONELLA
Redzone6789,962816303,5905103843924366859,Phong Doan
meomun2014,892844098,1388709224176626937,meo mun
RiO_132,1212743591,-2064716639071522581,Mr.bad Boy
hien1985,1258489416,4531092085456024858,hien tran the
long04332,1691520842,-155203076194066127,Long Hoang
SupperM07,684912020,9088250157077538398,Jack Nguyen
trannhothin,1328430553,3645492859436996432,Thin Tran Nho
VanDai91,1909905338,5987567139519213604,LVD
conghau2501,917678149,6099352193608430421,C√¥ng H·∫≠u
tranghoang1199,1660591162,-5919630409855798442,Tr Hoang
sonkuku812,2110425643,4481730715512860837,Son Kuku
thainguyenvt,451257932,-6545683634444765680,Nguyen Thai
Huygia3112,1674827914,-6985195901204185047,Huy Gia
hunguyen93,1290422461,5953386242214206412,Nguyen Hung
Lion_KingH99,1601349476,-2215973199252985104,Lion King
LocDam,1677692985,1752786227294717610,Nguyen Dam Loc
phamducdung29,653313153,-4395302065516510869,Ph·∫°m ƒê·ª©c D≈©ng
Nhat13579,1555626884,8522735007649006822,Nv D
duong1898,1332327071,-6059595767056851709,Nguyen Duong
Steamier,1378531181,-5458135379122599501,Steam
nguyenblg981,2046155180,-8916934421116441864,E- MI VN
hhnayuD,1209007154,1444728055450980123,Duy Anh Nguy·ªÖn
anhthai98,1527578197,4526793411016078903,Th√°i L√™
Bar8386,1589243634,-3709510898834494665,Bar-King10c
thaophuong1819,1261187373,-2172581203966140351,Tieuphuong1819
ericnguyen04,1050466384,6157076475294654346,Mumyhihi
hieurm96,5040414643,5151865897358831811,Hi·∫øu B√πi
Anhnguyen34,1475719708,-7152774596429813691,Mra Tai
ducnguyen0611,900980582,7139972230513715555,Nguy·ªÖn ƒê·ª©c
TheGodKid,1927022812,1432991913869550982,Anh V√¢n
ngosin,420912403,2468186141220692064,Ngo Sin
binhnguyen922,924405020,-2784534932061575733,B√¨nh Nguy·ªÖn
soloman1508,401136986,8238313986295974662,Xu√¢n Ph√∫ Shark ‚úì
mewmill1,1944359207,7739609473203675367,Cu·ªëi nƒÉm mua nh√†
nhattran9898,710815729,-246073509263561218,N T
quyentruc,918463502,-5473419835563447985,Mon Zin
vothanhnghia,338751338,9158036814543018029,Nghia Vo | Never DM first
Jame809,1669354340,970010588615489760,Jame
chuyenphi,1154503636,-6311065119213317166,Phung Chuyen
Thali1310,5009643935,2708997287587836501,7HANH7
tranhue2kt,1729894423,-7673480850984411240,tran hue2kt
CTCHITHIEN,1858570150,5211213006302060815,Thien Luu chi
sillyleech1,1056951035,-565805213529007922,R. Rangnick - c≈©ng ch√°y future
dxngkhoa,579855497,-2052309805708386584,Kush Pow
thanhdq1102,658984724,5644555846510429630,Thanh Dang
tinnguyen97,1611134778,-7777763794276695795,a Nguy·ªÖn
NhatLinhNg,1688380676,5946489933847141554,Nhat Linh
sanynguyen,1016477455,2476875251769013559,Ny Ng
super880601,749393948,-3452589033035382040,Nguyen Tung (CryptoAirdropDaily Admin)
rickymonsterr,1639909029,-198670335654375411,Dinh Trong
mrwall10788,1878604314,-4777603366951082112,Mr Wall
ngoclamz4,1921692513,-1061065650458415815,DFL Inosuke ( From VIETNAM)
soul0313,1372913346,7848634765785251757,Don'tCry
Vietanh17031999,1409885392,7649455145047624881,Adam - HN
Kaioshinsama,1909308748,3489420653245123701,Kaio Shin
hongphuccpc,1147882290,-1750032171206048196,H·ªìng Ph√∫c
Namdohy,767829644,-4844673917759161306,Nam Do
Naivang1983,1711510868,-4733236021431893260,Van Vien Mac
kameo90,1201284581,7391804172525760021,ƒê·ª©c Anh
Andylee1010,844808178,-1701120425324703239,Andy Lee
Haoly1010,878540079,8325291280311362249,Hao Ly
minhtu114,1865284784,-3711169458159482578,L√™ Ng·ªçc Minh T√∫
SuCreativ,1938624038,8451499254049060276,Su Creativ
otis0906,2028919606,-2172005577323012687,OT
Subhankar67,1813255205,7822439714822360636,Subhankar Manna
tungdv53,815836650,-3810796386650180130,Tung Do
JuneCr,1910991852,5774328887481864689,June Cr
Lucas9x,975122835,8711959176847256420,Lucas
tritranigg3,1933005650,-3345099238026708706,tri tran
Mrhoang28,1029696797,-4356864378044970553,T√πng Ho√†ng
haivu0ng,1166535786,6624255826227630901,01001011 1
Kmaddog,1479553646,-566357553070467865,Madd K
khoanguyen8842,1708109567,-6278465833468461705,Nguyen Benqiüî∫
NVK1501,1770522529,1896345755960305685,K√≠ch Nguy·ªÖn
CoBeBanMail,1426594228,993941229213062398,B√© Mail üáªüá≥
nguyenductuanls89,1094935872,592279084092901483,Tuan Duc
Tung0209,1976005677,-3464481835300787709,Nguy·ªÖn Xu√¢n T√πng
austin_nguyen82_0916772452,487990833,-7620771092047470983,Nguyen huynh Minh tuan 0916772452
TienDat000,1221456812,3517402280535204899,Ti·∫øn ƒê·∫°t
sonnt612,1233809349,-2121793875982458420,S∆°n Th√°i
le9479,1737878393,2212935465118073420,Tomato
TruongGia1988,2003221533,2107757422750631911,Tr∆∞·ªùng Gi√†
thanhbioke,1992670885,6889273459808515421,Bi Oke
thanh_chien,1633229609,-3234708647026987982,Chi·∫øn Th√†nh
vantri27,1737319711,6785136107737250784,L∆∞u Ph·ªëi √Çn
kondamic,926440213,8831781267528434085,Khang Nguyen
Tonylee1093,5064207693,8657868555808144877,Jack üåè
lht96,1019276105,-5646869919623616886,Lht
Lucbinhtimtim,1041523200,-7570301140210225722,L·ª•c B√¨nh ƒê√† N·∫µng
vuonglocan,1330319569,-5127115586711902859,Thanh Vo
Chi2013,5034103415,-1616890154749061883,Chi Chi
Leanhvan,1978030785,-5255054960176080035,Van Le Anh
mrtranhbt,2123727344,-8958743012611736780,Tran Thinh
gachilaga,1200591813,-2498504191073890974,nono popo
tranminhvuong1234,1798653634,7924584502311612574,Tr·∫ßn Minh V∆∞∆°ng
tranmy79,779477239,693447151737501453,Ng√¢n Ng√¢n
duyminh1993,1398732234,8272163297503973446,Minh Nguyen
dung1688,1483451077,4706586463810638513,D≈©ng L√™ | NEVER PM FIRST
longhuynh7499,2131844664,6373514824037990381,Long Hu·ª≥nh | HLGH
nhanmap,1417186453,1862436684417776583,Nh√¢n Nguy·ªÖn
luxury393,1060821670,-4129639165342341857,Luxury
phuoc0302,1144762341,-4934271793006601083,Ph∆∞·ªõc Ph∆∞·ªõc
iamtommys,891499887,8436171453008165654,TommyS
HungThinh211183,1619209278,2746707654892676119,H∆∞ng Th·ªãnh Nguy·ªÖn
ship001,1193812081,-502181325955440013,To√†n Nguy·ªÖn
JohnOne113,1568923363,-5125270293543330666,John Never DM first
KvuZZZZZ,1490933563,-7713470796551400199,K Vuzss
phuhoadoan,822437402,-3405074227447674131,Phu Hoa Doan
franciscong0812,1953653194,-732935929315161414,Francis Cong
Ngoc_Nam11,1873484126,3519513475142292817,Nguyen Nam
QuangNhat_99,1341957405,983430933247120499,Quang Nh·∫≠t
tysown,1267140943,309217989493146677,Thaison Dang
PhuongMinhHoang,1358230151,1868442408980982601,Phuong Minh
tungdang93,1384318819,-2356551489731317433,T√πng ƒê·∫∑ng
Jumanah0222,5000554574,-7119882619187839521,Suzanne Campbell
Tonyteo17,2005996091,559626504862368204,Khanh Toan
nqsept9,5139877799,4778834963715323989,üåèüåü‚òÑÔ∏è Ted üöÄüöÄ
Hanie710,5148019958,-6294114953670840126,Hanie
Tinh145,1768552440,-119647496339693290,Nguyen Tinh
olinbi,1874496823,204503806123117260,olin bi
mr_anle,1269758948,8211712990219402310,An Le
huyhoangpham,907101156,-7782242668058400705,Pham Huy Hoang
Mitsuvn,1569533753,1171392972622588880,Mitsu vn
justaen0610,1252131056,-1045411073587457051,Nam Ng
tuan135,1717336430,-2453591299309354724,mai tuan
Sun4829,1330680385,-903266831673024128,Th√°i S∆°n
haiyenlepham,759309107,-7496966605713659446,Le Pham Hai Yen
ngockhanh10686,1779277788,1422978232716408261,VO-KHANH ZORO INU
namho1810,1128305031,-5026318504617374973,R√πa
vanthanh47,1683542118,-7207059534543303611,Nguyenn Thanh
Lotusmisaki,533534777,-8356539565426052458,Moon
Huycuong242,622514587,-1486258865549800561,Mr. macxoan
hoangvt0108,1706906867,742464154103038100,Ho√†ng V≈© Thu·ª∑
vClaudy,929569360,-723942911242812958,Claudy Vu
haiquaynt,5000750789,-5451851780786519047,Hai Tran
vuongdinhhuynh,1589737027,-5714920146599379699,HuynhVuong
vutrungdung93,1044991840,-6781788606464280168,D≈©ng V≈©
anhpham2710,690614176,-9059018347710441836,Johnny Pham
vuanhquan,435849964,-3169807089389006920,üåü“®≈≥√¢‡∏ó·∂ú·µò·µó·µâüåà√ü‚Ñõ‚Ñ¥üåüüåàüåü·∂ú·µò·µó·µâ‚òÄÔ∏è·∂ú·µò·µó·µâ üê•·∂ú·µò·µó·µâ‚≠êÔ∏è‚≠êÔ∏è‚≠êÔ∏è
samsbfcz,869927462,6814243612530869834,SamB
DannyL29,928019231,6787426852334335835,Mom Big
quanbka,1997433192,5727723740973026293,Qu√¢n ƒê·∫∑ng Minh
xxGali,5248515787,-3571871362876528716,Gali
sown0x,478564234,-472080655449169977,0xSown
limnguyn,5119999772,5658422068966119434,Liem Ngn
nhuttran115,1145495791,-5735969830784291784,Nh·ª©t
dindin112,2011564236,1101778272432114863,·ªêp la tr·ª©ng
Duyleee,1002291051,5646592336091195684,Le Duy
quangtung256,1688086533,3331499878110749644,Quang T√πng
nguyenvantuan1307,2043897192,-2821369097654992360,Heo m·ªçi
Danglongtuong,813880447,-8874349021449252006,Tran Hanh
Linhkieu,2067640440,6914232697535776012,Mr. Daniel Kieu
Lin_bali,1851345372,-8884657617302395061,Lin
dinanh123,825708394,-785602023156008385,Crist Nguyen
tinhqfx,1910719174,7553309423464653807,Qu·ªëc T√≠n
darkingkmf,1105040795,-4599240338727607628,Darking
youwillmissmesomehow,1711439342,5630724820887095427,HAU NGUYEN-DUY
dannytruong55,1257884332,-4527273473700178466,Danny
huyduc83,880533234,7380123302447349751,Huy Ng
nguyenlinh2112,1846379013,-156973229342267173,Linh Nguyen
lcdamptech,908866770,-1568316817688344499,D L
dxngnd,1732657512,5244728334298345067,Mark Tweiu
TonyAnhh,1769209787,8548961896418877454,Tony Anh
Nguyen_Linh999,1292586345,-2548880030760611119,CZ Newbie
JackyX86,1157213197,-5183561949019007267,JackyX
nguyentranlocthinh,1690039500,-2332374380106427819,L·ªôc Th·ªãnh
charliejack,878277218,3464029607590675257,Jack David
tueminh0102,2109210128,4534863693149426665,Nam Nguyen
dangxuanduong,447655446,-7181478430369233921,David Duong
alibeer,1345580873,-8993475911353017504,Li A
Noone59,1106168610,8591231843776454349,Manup .
Nguynam,571642051,-944478116872341081,D≈©n....
Maibmt,1288563296,5023482514250296437,Dinh Mai
cuong96095,1730344869,5639683218061327997,Nguy·ªÖn C∆∞∆°ng
andretou,980137585,3112448257835634865,Andre Tou
PikaLeHuyTruc,1763930015,-7363980822198928856,Pika Le Huy Truc
Kihukihu,505168902,-547303403552882392,Qu·ªëc H∆∞ng
VietnamNetwork,1293844440,-76441128166640494,Vietnam Network
Brianpham192,1376614579,3282533261229952234,DUY PH·∫†M ƒê·ª®C
Wiliam_T,1197749563,-1844625758450322528,T.Tuan
Canhdieungaycu,1563329752,4933193548283775256,Binh Phan
daty855,1490128914,1490739486429229762,DATY
lelalaca,192667542,7320233410739158998,Le Nhung - ID: 2033827
meomeo197,5087717165,9056422049223227449,Harys ƒêz
jinsee,1141976736,-4069175534025101166,Tg See || Jin
miftoom,491032095,-5202826833091924563,Noodle
tieptran,438607130,-5900008618241979976,Tiep Tran
Ws0561681702,1456247381,-8427186372639598430,Massage In Riyadh
kiendo87,5017513696,-9007044781174151295,ƒê·ªó Ki√™n
maixuancanh0506,1029818822,4222169903601925762,enzo1510
abutin,532821546,1247489144408636584,abutin
Suvrajit112,1299373200,2467735633927336511,Subhra Das
Sorangee,1927618194,1292017966476123852,Orange
MRIT10,1571774524,-2734791081062492606,Code Leader
rato085,1850912774,-7119287526211524220,ƒê·ªó Qu·ªëc Tu·∫•n
Hunglt90,1779068787,4255355762042281174,Mr Nguy·ªÖn
MrBiShin,1675295276,8289621368170520032,Duc Kha Tong
MinhVan9999,1938202448,-1859548105425421434,Cris Van
khangchau22,1218104638,-7994180360322646963,Khang Ch√¢u
QuocNamTran2810,2113720089,-4712255703079262624,Tr Qn
Tuananhle192,1257506801,-8073966859800957536,David Lee
duytuu,535829878,-1631616174208231749,Duy T√∫
kenv5,1821608367,6518420618438755352,Em G√°i
The_TimeShifter,666189175,-4788274738280197538,T I M E S H I F T E R
jlingard,866826759,-6540325638073233384,Jesse Lingard
magenta999,508867246,1208050836786376869,Huy Anh
haidang2806,987386804,1274588507850099905,Nguy·ªÖn H·∫£i ƒêƒÉng
tuanvu92,1039670070,8442614663804860906,MoonGems - LionLonely
bluelight17,1902008956,809927687013599171,Blue Light
Minhnhuttv,1796907893,-3667125162218244295,Minh Nhut
thachnv92,1371952966,5628672102877171469,Thach Nguyen
phamvinh135,926517365,-2390707059124062285,B·ªù c√≤n xa l·∫Øm
tuannguyen1691,1895692893,-3929280388774478982,Tuan Nguyen
ho199999,1262413007,-3516121201624999888,Ho Creator
Binlee1331,1119048341,-4957888236898439487,duc le minh
nhanle123,5066054615,2705555548029778117,Nhan Le
Lamcrytoforex,1418720327,2020980283825089039,lam nguyen
baohdse,632328049,-6539718918633037079,Ho√†ng D∆∞∆°ng B·∫£o
ngolien94,1967715094,1515605719353895378,Ngo Lien
TuanEngland,341555644,-3171605307386024124,Tuan England
sonnguyen91192,1309353036,1294394817981629757,Gao b·∫°c S∆°n
Thehungw,950343195,3552737121163959448,Hobby.doping
hvcoin128,1508843386,1290710102052982121,hvcoin
ThienGame,1664315037,6497384814391276251,Mr Thi√™n
Vihao269,1306892458,-4429347264329659683,vƒ© h√†o
DanhNguyen1904,1983827690,-4679984389838207789,Nguy·ªÖn Danh
srakin53,485393153,6325749064347389041,Srakin | Space SIP
dinhhung492,1045725657,-6478231259043758355,Dinh Hung
Midas6868,633317589,-5261548348789512133,√ù Gia Gia
bomx5,216459197,-8037420045660385336,Tr·∫ßn Tu·∫•n
nangdn123,318428647,429709566390618895,Nang Do
shaynebui,1737679832,2624712717889814497,üÖìüÖò üÖóüÖê
DungAnh,304115553,-7364608499321517801,Anh D≈©ng
dennis_duong,506681231,-5689964631070184530,Dennis
Hieu1111a,1338335323,-2501383864520280404,√îng ho√†ng ƒëu ƒë·ªânh
eisdes,650586964,-388434706926834169,An Dang
Datkoi_8102,1808053386,-8171558154285448859,Ti·∫øn ƒê·∫°t L√™
Lethu19893,1756521950,1107731147794475258,Airdrop Queen
Captainn8888,714406267,-4330864910363952363,Captainnn
DreamAir23,1481543413,-2368256749068553123,Dream Air
thanhluong98,1336718742,1280333389406062656,Kim Giang Thuy Vo
caochinghia,1360188981,5786141223800444189,Cao Chi Nghia
JohnKenny06,1921662248,-2717541790072595261,Le Khoi
nguyenthucrf,1598570951,764872659395737683,Nathan Joo
tuanstore79,689232417,-3381860682250309862,D∆∞∆°ng Danh Tu·∫•n
luzzpham88,1634240781,-4861514668735711725,Luzz Pham
dragunks,2075746012,7217028018081933608,Hoa Nguyen
CiZecBinnance,1960812367,-293347007403594252,Ci Zec Binnace
namle0123,538234182,-6306709939555937873,H·∫£i Nam
ceokoei,1650834403,-3881766499895917653,Alex Nguy·ªÖn
Hiamdudinh,1914481029,3384554405463933806,ƒêinh VƒÉn üî∂ ƒê·ªß
scu_angel,931008081,1365836011993882981,scu Angel
chiko2020,1083954028,-3867169197492582875,Chiko
anhkieu34,2035868736,1096527588273185868,Anh Kieu
Conalpaul,397220530,-2653581127554683641,Paul Conal
JohnnyLe1404,1638898652,9085445436932717297,Johnny Le
alexonalex,1074604368,-783741481606589870,Alex Nguyen
tieuluom,1457720274,7933362039547490082,ƒêo√†n D·ª± B·ªã
betyxinh,5030529908,-4698309572330191256,Be Ty
dung325,2121795285,4702826786420972776,ngoc dung
anhhuynh3107,5031491138,-494044599628620221,Anh Huynh
TheShy100199,1801516582,-8599039588409354618,the shy
thanhhaitcvn,872375424,-6135796964788535558,EthanHai Mr
tigerforce86,622786818,7192858923285440899,Tigerforce86
tuanbosch,1561699887,2805910616999564178,Tran ƒê∆∞c Tuan
qt_paris,1339700457,-345626591882008563,Q T
rockypro1303,1037981515,-6390644633203198321,Nguy·ªÖn ƒê·ª©c Thanh
leeminz1,2035613388,8026306716031284741,|| Merc Brothers Lee üëë
trueceran,530965875,4550120792453982762,Ceran
cuong10992,1237194169,-5318255479400818546,Cuong
ManhThang97,1289642522,-8944444809739048235,Nguyen Thang
UnicornBlock,385094546,-4001427175409371026,Cryptonomicon.ICP ‚ôæ
biendao764119,1615365091,-5746131195038798093,ƒê√†o Bi√™n
nguyentuan1818,2109247853,-8666421374322316130,Nguyen Tuan
ducduy9,1907239371,4544997030141522720,Duy Duc
FunnyTigers,1987907547,-6667771438718285398,Th√¥ng
trangrio,2029105203,-3072337913932039199,Ph∆∞∆°ng Trang
NCT2805,625801220,-3105638716829803552,Cong Tu
Linhh1,1025211294,3943128836454700631,November
Hardaa,1964466898,5388949752650253881,Trinh Dang
MENNV,273655012,-8228715658350499107,üåçEWüåè ( electronic warfare )
HungCeo,5032679003,-299493568560744299,Nguy·ªÖn H√πng
willdmyoufirst,1112423067,-7488708681447007216,Will Dm You First
buomdem01,2109629194,43584362642461405,Nghien Roi
Dev_PateI,1275995540,2850272025420266607,Patel Dev
btcethxrpdoge,535552991,6562402808765398497,Andy Nguyen
lequihieu,1738225384,6804690553480531400,Hieu Le
MrZuuuu,1999758340,309625607727060712,Tr·∫ßn V≈©
buitatthang,1633003019,-3878317590467346313,B√πi T·∫•t Th·∫Øng
Layerkhoa,417441427,540115868610107205,Dustin Nguy·ªÖn
kudabbas,1637594700,-171356571701992623,Ch√≥ - Chuy√™n gia th·ªïi GODZ l√™n 10$
hksown37,1179507270,855779857193739654,Hu·ª≥nh S∆°n
Beothone,1994762848,-2106743338114623770,Tho I UB Fandom
ngocdung289,192038340,926233764227057349,Marquina
Dattran3085,1236202588,-2040389374240653781,Tr·∫ßn ƒê·∫°t
MauXuanTH,484247938,1338338807834122729,Jack Nguyen
DuongVodka,1858598214,4048232986771884976,Duong Vodka
QLaaam,1862188627,-3565797671430758203,Laam
lalalin333,1062245466,-463351217402764935,La Ha
duckymei,1391341787,547864134025276282,Duc Mai
Mrtinwhale,1643084058,5098820870988467264,Martin Shark | SKG Ventures
Tarotaro312,1733274019,-4277767171291138672,Taro Taro
Martinho19991,2097977443,6441032667035240776,Martin Ho
domvy,561181821,-369142355302399670,David Dom
haituando,464351284,8328405751989785709,Hai.tuan.do
minhnhat0501,2137637706,-2350031281998264786,Minh Nhat
aptomat006,434442226,-3469189674082874318,Un Lock
Lonhpham,1982343044,-4122560714254987393,Long pham
anhkhoacavalier,648063278,4852371950237096392,Anh Khoa
Shark_Satoshi,321156507,4576747187558193372,Pham Cong Thang
EdHaoDan,867200536,-6780670488353546796,H·∫°o D√¢n - Playtoearn68
phamsangcrypto,1056195046,-8214544519128578281,Sang Ph·∫°m
tahi273,1017621309,-4759769903504615296,Hien Vo
chithanh12325,1183391795,6700784340506372601,Jnt 2325
kemvani,748249090,-828878251877543613,Amee
Shujakia,1104949384,329048590825977390,Shujakia |Block me if I DM you first
chimsedinang12,1825351299,-492327720310835809,Mycor Davis
thanhtung8386,1483385467,-1448090117486746890,T√πGN
ndkhoa2269,1146167888,-7432049787831504899,Andek
thuyhanhphan,1767320526,-4703978115728063957,Lavender Phan
dongthanh,894727525,2773803530721760173,Thanh Nguyen
duythu2611,909525112,5529879052517791424,V√¢n V√¢n
wuzongyuan,2111402140,-7984981067205566683,Wu Z
KenjiDeno,1368343146,-4408341600930533622,Kenzjjj Croc
Anhzu271,1802405972,7568350606420921893,Anh V≈© Tr·∫ßn
QuocThanh2009,1538866443,325039324037111491,Jason
devilcanh,1316927488,-7351665200975539337,Em H√™n L·∫Øm
hoanglong6778,503632748,3404503786846538681,Long
lingling8989,2015328887,2389132463985268042,Linh Nguy·ªÖn
hung_bmt_1996,5007160189,5735459405723344197,ƒê√¨nh H√πng
Jakenguyen0603,759915066,6087858958923852488,Jake
nftyx500,1687953098,-668339303927200102,Buy DIP 0.18 ....buy 140k nfty
dominique3_h,5043043732,-6575609668561214579,Hun Dominique3
cryptowhale100x,2124127376,-5000590134312242048,Crypto Punks
jackryan121,1522857338,-8365079653123035821,Jack Ryan
MrLeAnh,502701768,-9142034038413839580,Mr Le
Savis_Quyet,1117955784,4667286208879262729,Quy·∫øt V≈©
DuongLe279,1884456291,3676442195983148583,279
TCbr0,1562338599,-5150630176977362179,John Henry
kunkaprovn,1753472701,-7303929693208193271,Hoang Mori üß∏
anhhoang2010,1465098958,8764604781687004704,Nguy·ªÖn Qu√Ω
Tranvannam47,2051894185,5291470099854242432,Thien Nam
tranhuan1510,1859254964,1923907002675230586,|| Merc Brothers Mama
phanvanhong0802,870294309,-6583170637993841018,Hong Phan
giaphune,5121467808,-3099860648775623658,Ph√∫ Gia Nguy·ªÖn
tavn192,1366879704,5291376771199197768,Tuan Anh Phan
lsb108,634674879,-732863272409315291,The Anh Nguyen
truongphihung1996,1897222943,-2358136277508136003,H√πng
anhle88,396786788,-9013593829155103432,Anh Le
vietakon,1345349446,-451317036684297807,Viet akon
quan2288,5072822313,3628187610473575603,H·∫£i B√°nh
Vishal3233,5281157992,4564499056427548453,Vishal Trivedi
taidubai1,1742079182,-2635898411452179482,To Ta
CongAnhTrinh,1779027099,2425018075860192809,Trinh Cong Anh
NAWEED681,2028685475,-439309050574704577,Ahmad Naweed
tienchelsea,2078299002,6888060951555606896,Starshask
NhamHam,889974345,-1422667891953158989,Nham Ham
Duycanh1990,1912569460,3693918558012557678,Duycanh Le
hql37,1604959537,-2353514197688376186,Jack Sparrow
npb22,5177842820,-277728640757257790,M√µi Ch√¢n ü¶µ ƒêi l·∫Øm
UNCOMMONglory,1742886978,2171564871434777830,STAR LADY
OtisC98,1906759687,-4042123582338538963,Trung Nguyen
BuuToai15072,1789390020,4976260368057422450,Abala Trap
J_Robert_Oppenheimer,511898488,-5322631051616366923,J. Robert Oppenheimer
davidquay01,1123678544,4626147474634407322,Athony Adam
ngocnhan123,2005793399,-9072207045680244156,Mr.Ty
Minhtoan,1042130710,3489398296419387852,Minh Toan
Vieismine,1276056051,-2685836409412371222,kh√¥ng ph·∫£i Kei (ALWAYS ƒêCM FIRST)
Lindaanh2009,2081422798,8424685219923341226,Linda Anh
tuanbg9a2,535593558,-6983158329834097789,Kang .
donaldmonkey27,1629446895,-5104950773930728655,Donald Hoang
cuongtran992,1072842199,-7051574536969368310,Tr·∫ßn C∆∞∆°ng - ƒêTTƒêT
duycanh,210973720,5862778119251622851,Duy C√°nh 01216328030
dat2410,465817479,2604298386171266342,Duy Long
Iolanthe274058,2002453404,-89235735081261299,Phillip PHAM
Letitia111544,2032522407,1291398009638991842,Master ƒêu
Brian330094,2040330666,-5959524203092140395,Son Kaka
Linda776726,2050432008,-797567644286247056,Ngh√®o nh∆∞ con m√®o
Xenia364148,2061115138,-7906460057725262844,Duy Tran
fcthangkho,2061910985,2104936705955323647,FC Th·∫±ng Kh·ªù
thangtran1189,2087947210,2413940446322228848,La H√©t Trong Toa Lo√©t
tocdaidendit,2095392426,1181672658104316502,ƒê·∫ßu Tr·ªçc T√≥c D√†i
Michael318316,2097387055,7686980110553989015,Big Bang
Emily462025,2097400191,-7922052525811977981,J√∏ker
trandinhtu01,517267127,8854167698724640081,Tu Tran Dinh üáªüá≥
ngocnhan8989,901262462,3646319216486283153,Lina
JohnLePNS,939995823,-60166894045567355,John Le PNS
trieuthehung,5014870182,1563234239179493190,The hung Trieu
Stones104371,2040224336,5441420126060763830,Hulk
zepphy219632,1995508339,-4710278587328282573,Nguy·ªÖn Xu√¢n Ph√∫c
Ciara695025,2006005627,6021618150671411735,Thi√™n thu ƒêu ƒë·ªânh
Spielberg824892,2043442548,2746516374372097361,B√¨nh btc
TanTrung093,2044325471,363933578531038371,Th·∫±ng kh√¥n x·∫•u trai - Newbie
Tryphena966877,2044626167,2759337570466037972,Fox „ÖèÎ°ú„Öë„ÖÅ
David870522,2046888746,-2584870766352011195,Tran Kuki
Kiera627437,2056304662,-7588347793894442329,download money
Acacia454433,2057633601,-1924031055195919126,H·ªß Ti·∫øu m√¨
Sigrid131069,2057997736,-336441123460636293,Hoa Ha | Never DM First
Xenia110624,2059070510,-168505283889072013,Mr C∆∞∆°ng
Oprah982727,2059592635,-3169791105803602781,H√≤a V√µ
Verity128052,2064786719,-520490015187159338,Chala K√†
Maria724212,2065125004,-8769835893402491390,E L·ªìng M√∫t
Veronica417783,2070464209,6520263896858217460,·ªê ·ªì √¥ c√°i b√¥
Spielberg326920,2072771407,8823723653063722810,Chai Hia
TigerDang,2078930720,-4017309993719158696,Tiger Dang
Oprah261757,2079218611,3021462666437631466,Thach Nguyen
Xenia388000,2084822768,-7015367076466948713,H∆∞ng B√™
Kelsey325652,2087360172,-496499412820357262,david nguyen
Milcahu131117,2001413924,1566581806109791403,Pikachu
Jena761382,2012628440,-4762901482342732897,Nam ƒê·ªó
Pandora454761,2018895615,9176026555679671747,Tung Pro
Ciara843628,2031024564,4122446630751995065,ƒê·ª©c Nguy·ªÖn
Celina404531,2051303935,394544170067527861,Alibabon
Alida381138,2058177900,-393223128701324884,Ali Baba
Milcahu489531,2059823381,-5491787167793161661,Zen b√∫ ƒë√≠t h√≥i
Sophronia106205,2080054912,6962468683434539843,PPY üáªüá≥ | OnTop Guild
Iolanthe706967,2084496709,4756828693069033019,g·∫∑m IDO qua ng√†y
Dilys722890,2084574053,5219777070613395806,Ochi
Cleopatra990550,2088993839,-8960207217032370558,Nin h√≥i s√¢n si
Agnes261578,2099350259,2963573857869593495,X√¨ ke ch·ª£ l·ªõn
richard010691,1602433725,5518135384277733803,Nguy·ªÖn VƒÉn Hi·ªÉn
vivian1764,2060656435,8805604386971252531,Hang Vivi
bvduc,1047928631,6707593750732413933,ƒê·ª©c B√πi Vi·∫øt
Inupt,1381199896,3293574216765080707,Fufu Baby
HomeBom,1468792940,-3513775639267976966,Home Bom
kunvo1992,2071798218,-5229105032968387503,Ho√†ng Y·∫øn
hathoxdns,1247387848,-1855156793455855399,Minh nhat
duythanhtran,1287951940,7176565752696521556,Tr·∫ßn Thanh Duy
xiukhung,1705963440,6052780782485731498,X√≠u Kh√πng IMX 10$
Dung30698,2034910912,-1177747958632767140,Nguyen Dung
GoBo21,608843371,-7245586219635619324,GoBo21
Quanla88,1248791088,-1277954510797908694,Ho√†ng Long
Blackcat411,319378199,-4448022563623870046,Blackcat411
gialang1,1156729110,-4384118873227967507,GiaLang1
sulrosa,1861310472,2802508346969029603,Sul RosaüëΩü¶ã
zkentear,1847302794,-953730333656558571,H∆∞ng Vi·ªát's
Birdcut,869573652,812102798242429916,Toan To
Bololala,1310279305,3938708778264765539,Nguyen Hien
phen6,1579113755,6210591581073307150,trungd≈©ng |Core
NamanCG,507029170,2274628049836211298,Naman
Hieupham2706,1988965035,697243704045632240,Ph·∫°m Hi·∫øu
BaoEa,1631986616,2683130748735799567,BaoE
Jeffthedead,1999556758,2279831184116726,Jeff the FOMO - Panty is the king
zHaiDang,1973115703,-1362174632326361763,Hai Dang
Dang_Thuy8,1979864562,-3853186263037507533,Dang Thuy
novioodevale,5293218244,-925000694581412867,Se√±or Mendoza
Phithanhtung2,1421783073,-1364565012061285940,Minh Hi·∫øu
Daniel142228,2022718029,-20966549876103886,Long
Julia122769,2022910762,1852334074413044374,Hu·ª≥nh Minh
Isadora644313,2027079047,-1768221006779680350,Trung Dinh
ilumia944522,2055345147,7501848758778497710,Kei (NEVER DM FIRST)
Rebecca425205,2057737196,-8481050790297553821,ThƒÉÃÄng kh·ªù ƒë·∫πp trai
Hanks736138,2058477182,-5730399218879723629,ü•ì Dat
Sophronia133851,2063493574,5825470929444399602,NOKIA
Jordan160250,2069749890,6451666449867556635,Nguy·ªÖn ƒê·∫°t
Kiera367186,2074578376,2146506291163133315,‚ï∞‚ù•’á¬°·ªÉ≈≥ ‚Ñí∆¥‚ù¶
viethuy,765906377,5168153602395037468,Airdrop & Bounty
Nganha291,1679886514,4191344692453330361,Ha Lee
anhyuki,2077600475,-4654437121382692739,anh yuki
TriDucJr,648937882,-8141811027139423968,Panther Black
trungkienphat,872738168,-3762483321335863380,Nguyen Thanh Diem
koten1025,551415949,7279371820075622845,Ko Ten
kaijo9x,942208870,3001621926589820495,Dang
vinhcq,665994899,-6143403338960306656,Vinh Cao
PVHUAN,1293922347,5223393178170299188,PVH
pxnui,478202726,-7153973355759256568,Nui Pham
nguyenanngoc,1486121818,-7377596373338001105,An Ngoc
ladubaforex,869856060,-7937823567095483373,L·∫°i B·∫£o
Cityhunter6668,977834156,-1955249972204587470,ƒê·ª©c Tr·ªçng
ninhxuanphong,1726985654,223607823772529483,Ninh Xu√¢n Phong
Skywarior555,952592500,3848718108458012839,Thanhtong Tong
Sinegak,1748163705,455720903381666854,Dinh.All.in
btkhang,1196117732,-3732769490230418944,Khang
Thomask_SG,808739223,8541389050277746193,Thomask SG
mprag,1610054517,6708831869556506840,M Prag
zootopie,1235864140,-7196518999452619203,Zootopie
txrez,1646109001,8038250400448678438,X Kong
KenKevinn,1941944648,-8967325364556596790,Ken Kevin
Huyen264,1647747041,8032252150943298330,Thanh Huy·ªÅn
TuanLam,740560800,4951723559677445245,Tr·∫ßn Tu·∫•n L√¢m
haihuynh88,2020401459,676085284368248262,Hai Huynh
Jenapham2000,863177418,2378161669429468469,Jena Pham
PhiKhang97,2111603276,-3105846106056850056,Nguyen Trong Phi Khang
TieuSaker,488037526,-432278892579723376,Ti·∫øu
Winifred102645,1998191647,8019445287452288079,Ng√¥ Xu√¢n Th·∫Øng
Michael753415,2031290902,-9193454929884508316,Su Su
tulen701270,2048665725,8424109510893553052,Kwan ƒÉn c·ª©t
Celina293655,2079366854,-6761955927280102808,Celina
Robert733134,2082885300,4950766914126272168,Vinh Hoa
Lysandra755984,2083299191,6940464581944319581,ƒê·∫∑ng Xu√¢n Huy
nasus624854,2084590024,-1394911330327300362,Nu Na
krixi579610,2088727933,6409471065046324954,Hi·ªÅn D·ªá
Alida981585,2090714445,3327273343693178791,Alida
Agnes928851,2096147753,4235654321000808059,Sugar TƒÉng
Khaikhukho,1689061528,5399087815803838941,Khai Tran
William996411,1936074492,6375716131572712037,H·∫•t c√πn
Jackson206880,2054214622,6602523299515786088,M√¥n S√¥n
Stones875145,2056613876,354015882949238944,Thanh long
Edana869691,2062416084,-1444529938666571873,H∆∞ng B√™
Brian431389,2071204758,6619040657767488016,Brian
kwanditteo,2085520541,6929348034490555686,Kwan
Kiera421607,2086439985,3038566701900044694,T√¢m Ph·∫°m
Oprah646052,2087117177,-7907601804887898427,Thu·ªëc L√†o
vuvu991,357174824,-8688507954409758567,V≈©
Bannn21,946746499,-2783257589060835998,Bannn Nguy·ªÖn
Leon_STEPN,1878012797,-5015124190743612690,Leon
handofmidas,372901919,-6017737112601855078,Midas
monowarvn,549826822,-1159428864361499217,Tr·∫ßn D∆∞∆°ng
thanhtam86,549706770,-3692834802936497010,Ma B∆∞
George567047,1894101782,-4606056373505977579,Tien Nguyen
Stones832262,1903925380,393513825425848298,Luna
John988176,1921890708,-8288229524262438569,Jack Nguyen
toanthanhnn,1931879366,3791485066216353222,Thanh To√†n
farmerinther,1935731965,-2204109883066036576,Farmer Internet
Laura589646,1935741067,4622614570846311651,Binh Nguyen
Maria675387,1949082243,2289998222433105269,Nguy·ªÖn T√¢n
phantrinh1992,1934959772,-8129576865055978436,B√© ƒêƒÉng
Vuxuantuyen,1672860533,-6417510488562415278,V≈© Xu√¢n Tuy·ªÅn
hohanh2k,764907645,3228811784260366135,H·ªì H·∫°nh
Martinho199,1629992814,-8575559029942225115,Martin Ho
muoihvm,1501812965,-5769474625628102651,Muoi Hoang I ONTOP Guild
Minh2311,1263494226,-7397785394568770179,alen
downychan,1759227858,-9139477479061107825,Downy Chan
johunglaw,1920895990,-4866098259236305233,Jo Hung
davisima,1937702548,2031028306102690438,Davi Sima
emilyosaka,1942119916,9085593224254064206,Emily Osaka
younglukebare,1942215493,7228726344439599050,Young Luke
dinhcv,1776889594,4266890119740539021,Cv Dinh
thanhtoan95,1144463103,6066212578788096448,Thanh Toan
NhaDatVamCo,499796610,-7017014158764802292,Tuan Tran
LeQuangHieu93,1443524812,2494697435895745491,L√™ Quang Hi·∫øu
bishop1979,218560244,2503965594380877157,Bi Shop
Minhhoang2k4,2090932101,2394023956774416302,Hoang Nguy·ªÖn
adawanata,1813712784,-838480507698310757,Ada Wanata
lukasroisol,1914417505,-5055569824801432912,Lukas Roisol
colincrow98,1933524451,3293273917041619083,Colin Crowling
hoaithy12,1939552768,6578004562017233272,Hoai Thy
davidjames95,1984835834,6957991911452270945,David James
tylerdurden1987,503757447,-3625203047184466323,DucTM
tuananh1709,1906502207,2215760468571945831,pham anh
Sick3r666,5028339689,3519787089139830716,ƒê·ª©c Quang Nguy·ªÖn
hungproman,892393153,2909697857534146107,Hung Nguyen
adamtutran,727265374,-641002660180947829,Adam Tu
buiman1,892918464,-8192811710984966651,Bau Vip
KimCrypto247,732015636,-6157575293011346997,CZ Crypto
ongcatloi,1101410043,-4567657334246406968,Titus Nguy·ªÖn
Mojoejoejo,5256975125,8166063303473685093,Michael
bill2802,1086413296,5453381185430206657,Bill
Tpktoan,466300599,1514140898236260261,To√†n Kh√°nh
bobiee9,1782828166,905082199901764688,Nyawa
alice8979,1991323896,9083007967991176832,Alice
HoangKhacCuong,823127698,-2284996711718516519,Red Devil
son9x,1108580013,-6969514005183444712,davidson
HoanVo,1721750018,4706402716215562009,Hoan Vo
mrCu8767,1684858306,6352956363252599842,ü™± Beater - Mr.Cu +100%
gagagagax,1196065185,2705506622839147326,Mr H
koistein,415206792,729916479044423161,Kevin
HoangBlueDJ,665042723,-5703312623401106759,L√™ Ho√†ng hp2-b
bachbx66,1997135346,-3789747395542890258,Nemo
ndthan1988,405002318,649829643549584846,Dominic
nguyentruong967,1966719334,-1027749433800697953,Nguyen Truong
Thiago_Cx,846761038,2237031089315503730,‚ìâhiago Cx
yoyooltd,393639982,-8550567757022353478,Hung Le
Dinhkien18,1401425161,311094372972429996,Kien Dam Dinh
Grainnal,2088431724,8249709397739852073,Grainne
StephenPhan,132538106,-7864062560361964651,Tu·∫•n Phan
KiraKiraQ,1200329538,4400732093365169306,KiraQ Kira
Vienchiem,1968261683,-3834369044695571048,ƒê·ªôi tr∆∞·ªüng ƒë·ªôi B√¥
QTrungVN96,1671915927,-355090065594754558,Vu Quang Trung
giangcryptogamefi,1910167110,-1341711345400182888,Hong Giang Tran -*- Never DM you first (except for buying nft)
Tri_Nguyen98,1439148282,-9186598897091835919,Nguyen Tri
cc57690,1824645745,-3557045849187158131,sider Li
Brown5795,649617258,-6900173475470646796,Q S
nguyenchauphi,1273769823,-8953387000696148538,Phi Chau
trhson,1711170281,6553031831692673904,Trhs
NhanPhamVoCuc_NhanPhamVoCuc,1716986497,-4824307971841983616,Nh√¢n Ph·∫©m V√¥ C·ª±c
Lemanh985,1875252636,2277139888555301818,Lee Kris
sonpham23,1410272620,4730872782640894858,Son Pham
Tranthang2983,1714150803,-1734930339308463537,Minh Th·∫Øng Tr·∫ßn
huyducothedoikhihaynoidoi,608027173,6530145963493318632,Anh ƒê·ª©c Tuy·ªát V·ªùi
Chiagapu,1267614879,2432946708486267603,Nguy·ªÖn Ng·ªçc S∆°n
vunguyen14,886506493,-1712729723902633007,Vu Nguyen
duyhao999,1614810993,8307024565141869154,Duy HaÃÄo | Warzone Blockchain
nxhoa93,987432205,-5233548460987911620,Mr Phong Nguyen
duongman12,1034317823,3450970918927474587,Nguy·ªÖn D∆∞∆°ng
Anhnguyen132,1323947265,-3202064823133885275,Ethan
quynhduong0912,2052999328,-5407895419209059940,Quynh Duong
lilidan1294,1000061951,7869650162609450015,anh Bi
VL221286,1494240052,-2815086454722881279,Viet Le
gnaHk_gnaOh,5055507944,1991446360268652848,K | Fomo Ventures
canhphat,1038019911,-7351597465767069013,Phat Canh
maiquan0406,773210732,6829097467611406528,Ôº±Ôºµ»∫ÔºÆ | Illusionist Group
andypham168,1875828568,-7160318529178420483,Andy Pham
lntuananh92,1685085242,4890419060623738263,Petrus
kimtri3089,1943098112,7871700938253900673,Tr√≠
nguyencuong996,1782461072,-8216542386865892914,Royal o BNGH Cuong
Nghia1610,2058999280,-5737716832184958635,M√¨ X√†o Z√≤n
whisspace7,855126316,-5059270952183128531,Whis
ZhangXin89,1625544737,3880513246658282001,Zhang Xin
minnguyen102,1601318744,2282423536966799468,Linh Nguy·ªÖn
phamthanhthao108,1665752402,4542965488079648658,Thanh Thao Pham üë©‚ÄçüåæüöÄ
aking194,1521310445,-6177715115392548106,aking 194
nxdat3007,2083807436,2433021051144431722,ƒê·∫°t Nguy·ªÖn Xu√¢n
JasonLTPV,1940441170,2389637583493780444,Le Vu
CatPhuong0968515565,450109603,-8103907360778093079,C√°t Ph∆∞·ª£ng
tm1909,505195518,-1524295722338160307,Vi Vi
BachGuy,708765724,1609406168792017925,Nguy·ªÖn B√°ch
pca9191,1030186481,9146142106880967504,Phan An
Dinhluu,451296388,-6078448233096109016,L√™ ƒë√¨nh L∆∞u
VThuan916,1210916231,-6681849888748178460,VThuan916
Lythuongls92,1275676686,-6306937915613377708,Ly Thuong
NhatTruongVu,1620149292,610992369602377278,Nhat Truong Vu
leviackerman1,1001861243,355007597407120423,Levi Ackerman
dowobi,5035207417,-6580832260447183186,Dowobi
Hacrypto1980,1565673656,6651003553672216494,Green Rever
Thang28,5212470831,-6745507470967378378,Minh Thang
sau_at,707120438,-4651885226591036861,Nguy√™n Anh
anhmaivan,1441989715,-5546271372460882168,Anh Mai Van
huudat09,5074905081,1606508558418912585,JORKER MAN
Laodai79,807696364,-6613304916063785707,L√£o ƒê·∫°i
Rantz97,5189503891,7145344945786279166,Rantz Tr·∫ßn
At2307,1400469809,-2596092040512552770,Anh T
Minhmanmai,1334969468,3448352054857730011,Minh Man Mai
mrcypher1,1730507220,-8209915704693957614,Ahmad Abdulaziz
khanhuet,469374705,-4122551199683907284,Kh√°nh Nguy·ªÖn
Hdattv,1924407704,-8954471748523561161,Ho√†ng ƒê·∫°t
lemasusual,1852184243,805609956080502576,Michael
Marcuz14,1497587356,6592019035847700451,Marcus „Ää Never DM You First For Fund„Äã
tbros68,1247346258,-55015120467044611,i love DVK
dqbinh88,1713066222,5388488186476742473,Dang Quoc Binh
hiensgsg,440108742,-4597261770457992197,Nguy·ªÖn VƒÉn Hi·ªÅn
ductrungk,1705762274,7477210189486414313,Trung Duc
Heyhuy245,1966079574,1029514693812068637,Hey Huy
JOLIE0101,5096823367,15069501440860385,Th·∫£o JOLIE
Tuananh91,413213911,4656143930356725228,Tuan anh Vu
tranphihai,900468767,712317980239267033,Tr·∫ßn Phi h·∫£i
cuccu12,666358305,-5465605335613822672,Mr HND
thanhanh82,1853476705,702811002272280360,ho√†ng thanh anh
truongnguyen2509,1690746668,7702319036465688752,Truong Nguyen
RockyRealtor,1780301132,-8915121460817850360,RockyRealtor
Elly200691,1865788770,1654600228726479032,Racheal Ane
thanhchau968,1251891185,-3781891372002768133,Chau Thanh
leephan1402,1986191436,6460602892045206416,Lee Phan
ledua1991,1333672844,6627239875716957273,Le Dua
diamondhandboy,1709036594,-2288994192433406476,Nguy·ªÖn üáªüá≥ Nh·∫≠t
TungNguyen07,5077072813,9142940519313622786,Tung Nguyen
Stormragex,1711340537,-3635568907709795815,Stormrage
ThangChoqn,1163796841,-6469479507480093891,Thang Dao
Tranhai047,542084519,7115005190983342964,H·∫£i Tr·∫ßn
hainguyen28787,1791357901,-1281453265684720225,hainguyen
binnicotine,1444429190,7262582444174703779,Nico
lythongctpt,1256584327,4520679326587230893,l√Ω th√¥ng
MrHaohd,1204984141,4881995365287015304,L√£o ƒê·∫°i
Tann111,1922343518,-1506899323432284122,Ken
thienpham18,1151267409,-3714519335597174629,IPham
lethanh1008,1308942025,3059444432481773436,L√™ Th√†nh
hoangemmm,1086536753,-3773298005214803570,H E
ThanhTung0123,555779875,6264251612359661648,Leck T.
Luuanh88,2110097239,1993453416795995851,Luu Anh
tunld254,962754686,-1845868423567285888,T√πng Lƒê
luccuteo1,1788430715,-6549375099934124071,LUC TRUONG QUANG
tiepcyber,68070577,-7974451939003590981,tiepcyber
carusdsn,872707093,6406100673093236391,Tran Tung
ThanhNgV,505450558,8511097060664821194,Thanh
Jackieha,1197938632,7633928520955571587,J K
tahiken,2016267208,3655489576146604147,Xanh K√®o
Issacgfx,1434393446,2279514638633659701,Issac
badboi9x,5118675492,5695068421295504954,badboiz 9x
tamlc99,729664420,-5229539893877002656,Tam Luong
tuannd84,1330993198,1259737241927489883,Tu√¢n May M·∫Øn üçÄüçÄüçÄ Nguy·ªÖn
Cuongcuong0609,2041975408,-446905042337741101,Cuong
angels2it,571426673,-7816131561098949919,Angel iT
Nduong09,1500650230,5809596741844624698,Duong Nguyen
lenitran,1708217820,8572124474655922818,K Tran
duongkta,1192114847,-496234674342219661,Nguyen Quy Duong
lienminhdaubo,1747541614,1321986308442795794,flora of rose garden
huynhson474797,5043121273,9078767094566686906,son nguyen huynh
Pichan123,946753011,924819298824724975,Ng·ªçc Em
Locnguyen1810,1403505424,-7542605051723518645,L·ªôc NT
Yawnrong_STEPN,1326505965,-2878434861671144468,Yawn
Leon_STEPN,1878012797,-5015124190743612690,Leon
Jerry1999,1353976790,857556515341040996,Jerry
modgilgamesh,2095850406,-2942448095841465981,Mod Gilgamesh
shshark117,1745901911,7215619557960894276,LEVI
fatelB,2113270718,7611952447492968987,Quang Le
lovecatme,1891598984,-5058821478839511536,Chuy√™n Gia Short
haiyen8686,403529225,8333032911422682061,Y·∫øn Nguy·ªÖn H·∫£i
Nguyenvan6868,729951888,7400889779281826265,Nguy·ªÖn V√¢n
Anmy_09,838547355,1099979219352162541,Anmy
anthonynguyen86,1100942164,643243114987763169,Anthony | SharkBTC Ventures
Seri6868,1513605848,5119981939125028899,Nguy·ªÖn V√¢n
pulicentyeq,2070425498,6637364414460435449,Centy Martkennlen
Jason_Kam,5164713254,-5034884489231664453,Dulaj M. Perera
greenrabbit666,1735224321,-7379663834664333417,H·ªìng ƒê·∫∑ng
tonylenam,942890952,1867618740041235082,Tony Lenam | Cafe Crypto
jimrohn79,1738433028,1938686765406974046,Jimrohn
matthew1908,1658481131,5506690375426418744,Matthew
Drkryp,1820531669,3231496615020623241,Dr. K
tuan310238,1669640063,5686382618572465916,Win Win
DOVANTHANH,482626066,2954726483455007724,DVT
dxt6789,428025034,2175516176421407371,‚ú®‘Ä√ót‚ú® üíéüíµüöô
betapdem,1775114122,-5592323614120268314,Cu Khoai
Sangg1112,1887564039,762807154634145249,Sang Ng
jimmyhoai,1749345029,4072143808702027488,Jimmy Hoai
ThaoDuong90,1864857616,7371679937388809939,Th·∫£o D∆∞∆°ng
MrdatAi,551602652,5772249552602799469,No name
ngochien2510,255270217,8123065439725911848,Ngoc Hien
chihao268,1591510879,2272014549787773566,V√µ Ch√≠ H√†o
Giangzi,2096955683,865403805151322332,Zi Giang
Nguyendu89,1884755119,-7753833340664622303,Van du nguyen
BroThuan,405572742,-1196888490714195601,Bro
tuongdat157,972165917,-9055298177623667181,Dat Nguyen
dzanghylen,1586908197,-7894266784575454275,Hylen Zdamg
BoSua1988,1547819989,3423499633214688543,S·ªØa B√≤
steven09909,1631802915,2000138139766621670,Steven
sonitc,1876205093,795010058746338487,Ralph Nguyen
JangDangJui,549554934,-8548158044749568943,Jang Dang Jui
Mjngnguyen,968436037,8540624693988537684,Mjng Nguy·ªÖn
luuvan24,1560902578,3998561690195059779,Hoa h·ªìng Hu·∫•n th√≠ch
nguyen_tan_138,1622052045,-910461758569519756,Tan Duy
Ntmkhiem,1235135635,-6798835232707539715,Kieh
ThienHuynhh,1625016805,-6293247892644822815,Thien Huynh
Will_Mod,1815745303,-8352856399144214054,Will | Never DM You First
Nguoilaphiacuoiconduong,1358723236,7942419784094711342,D∆∞ng Ng∆∞·ªùi
Tanvu96,1086478627,-6464906892728557673,Tanvu98 Tanvu98
dainghia1410,1792004760,-2884604584965764868,Nghƒ©a Ph·∫°m
mocminh,1983200455,-7030301232979977659,Minh Thu
Flykz89,2118691919,9189902079781638734,H T
Malhotraaman,612146330,4893806385013632879,Aman Malhotra
dalgona1105,1926573103,-1731489127614439141,Hieu Duong
tuangov,1377900132,-8082956189346314967,Tuan Ngo
rgs198x,1530311823,8373061136398442148,Capo üóø
letrang97,1372273586,7433532778191933352,Le Trang
nguoide,997955690,7437571258331579670,B∆°i v·ªÅ B·ªù
lanhktonline,538014358,377740667585875037,Lanh Ph·∫°m
phamxuantuan,1906977723,-4546388468757182546,Pham Xuan Tuan
Sontran1993,1002129935,-8439741989017223784,| MCT ST
xmieu,437450161,-3031825061102354586,Binh Phan The
thepausee,820436072,4039739807463350206,D
phonguno,896202122,-2907709993469385086,Nguy·ªÖn Giang Phong
Newtime88,254452446,-4569917980552738073,New Times
Boyka999boyka,1104719761,-3411990002377221802,Boyka
SuHaoUnique,1373592019,-1446521278763077383,Hieu Trung
TungLinh268,2100728071,-6590717388509341588,Nguy·ªÖn T√πng Linh
phucty,1085689326,-2729977109647743251,Phuc Nguyen
doliem99,1459125174,-3707620494855773354,Bean king LI√äM
Kaiacute,791450959,418349538185463019,Anh
quandh1990,1255695600,-954185154912220911,Jay
Czardasa,1741707155,-2128132678731380446,Stoploss.Ventures Never DM First
Moyashivn,1871671841,-2596429612504837098,Pham Tu
kaedehara13,1231154004,4766170949832981225,goku
Roberts699423,2096928437,1703297529258527897,Roberts
huycorona,5054198960,-9209640132611962676,M·∫°nh Huy
trinhnh2897,935087527,1480490779051481417,Nguy·ªÖn H·ªØu Tr√¨nh
quocviet457,1415633360,4243182220733485135,VietQuoc üáªüá≥
dhsht,1755345778,-3342849010082890232,Thanh Thoa
xakutaora,1937966236,-1677857427545486479,VNIndex
dddyth,2131808173,1695168470165556655,Dung
ledaomytrinh,1656187880,7212322884890604545,Lina Nguyen
Nhulee,2047353677,-5258376678570475167,Nhu Lee
Trangmin0335774138,250694179,-6429727516183536176,Trang Min 0853831888 - 0335774138
huuy0898220216,913308633,5503123125259833620,Y Nguyen Huu
luu_huong,1604984592,-3804564187570579343,Luu H∆∞·ªüng
HuyenTran1589,884818152,-7484413439967299821,Tr·∫ßn Th·ªã Thu Huy·ªÅn
TuyenVuXuan,2073216718,-3843618299233402987,Tuyen Vu xuan
PhamThuyLinh241278,1440988413,-7083465166776664284,Ph·∫°m Thu·ª≥ Linh
wnccam2020,1703642124,9059852950527901726,Ng·ªçc ƒê∆∞c
phuc080499,1970632514,-2190975797786261897,Ph√∫c Whitelist
PHAMKING,861547301,7474132280933878423,PHAM KING
nguyenbaocuong,2139783692,-7433996366258094996,B·∫£o C∆∞·ªùng Nguy·ªÖn
DenniBoct,1138945633,-8125696311833915314,Trung Dinh
Hoangadsvn,1426617833,-3494480537889996406,Ho√†ng Tu·∫•n
huycuongkh89,5220860901,-9221876761362585295,Cuong Cuong
tuan7a7,831755168,7931298764603414614,Vua L·ª≥ ƒê√≤n
MisuLatte,669000115,8448820812007860674,CMG tutang.eth |
Kien_nd,879980194,1342064941797027609,KN
DrunkKent,1733682746,8220453447047856366,Sanji Smoke
Phucpd,1333663470,-6791301568845203611,Raymond
huybeo212,1483523628,3734138918264623375,Edward Nguyen
handofmidas,372901919,-6017737112601855078,Midas
mrdaiduong,547742718,8508991413590797660,dai duong
Ironman9489,1183468348,-2865087929506531125,KIEN LE
combot,210944655,6551300407068195653,Combot
GHSecurity2Bot,417753222,6984855977423135743,üõ† Security üõ†
kokakin1408,5258763425,-7539924859616405218,Trung Do
luckyluke102,807744963,-2577238566227034442,Luke
johnnytri1989,492918638,346262384277190929,Johnnytri
raymondlee123,475494874,3563046234123726133,Ray
tuanminh86,1156384571,1914523399036011052,MINH TU·∫§N
mancity1989,886396765,2522708623049401687,IMX20U
mnhx21,1560719344,6521020573311079800,T L
Rio5ing,2071234466,5278883491906488310,Tom Riddle
Reddevilc1,1916032651,7642121882788708479,Nguy·ªÖn Ti·∫øn H·ªôi
tranquangtrung2509,290491422,6549808607413570107,Trung ( Miss Axie ? Buy SSS now )
thanhmr2,1656449690,821591013568333766,Nguyen Chi Thanh
tung_roman,1123804260,4642383089837347213,Tung Roman
nguyenhoanganh,429300823,-2201042877924448863,Hoang Anh Nguyen
Sun_250293,1649585530,-2114068830053655172,Handofmidas93
nqthh,1139023930,3829419456487559738,NQT
Binh201295,1768216657,4914736091251418576,Binh
LeaderGrey,1822928178,6303823029592560440,Grey LR
Duongde86,1883720998,-2177603186514915502,King_Asic _BG
leanhlt,969353539,457763003248553072,Le Anh
MissRose_bot,609517172,-8679781727879775223,Rose
GroupAnonymousBot,1087968824,-1624337428853057457,Group
GroupHelpBot,162726413,-3538660977468295815,Group Help
vule3729,1473830522,-1139574349538517192,V≈© Mr
